#
# A fatal error has been detected by the Java Runtime Environment:
#
#  EXCEPTION_ACCESS_VIOLATION (0xc0000005) at pc=0x00007ffee26a11c6, pid=9336, tid=11224
#
# JRE version: OpenJDK Runtime Environment (17.0.9) (build 17.0.9+0--11185874)
# Java VM: OpenJDK 64-Bit Server VM (17.0.9+0--11185874, mixed mode, tiered, compressed oops, compressed class ptrs, g1 gc, windows-amd64)
# Problematic frame:
# V  [jvm.dll+0x3711c6]
#
# No core dump will be written. Minidumps are not enabled by default on client versions of Windows
#
# If you would like to submit a bug report, please visit:
#   https://bugreport.java.com/bugreport/crash.jsp
#

---------------  S U M M A R Y ------------

Command Line: --add-opens=java.base/java.util=ALL-UNNAMED --add-opens=java.base/java.lang=ALL-UNNAMED --add-opens=java.base/java.lang.invoke=ALL-UNNAMED --add-opens=java.prefs/java.util.prefs=ALL-UNNAMED --add-opens=java.base/java.nio.charset=ALL-UNNAMED --add-opens=java.base/java.net=ALL-UNNAMED --add-opens=java.base/java.util.concurrent.atomic=ALL-UNNAMED -Xmx2048m -Dfile.encoding=UTF-8 -Duser.country=CA -Duser.language=en -Duser.variant -javaagent:C:\Users\Pankaj\.gradle\wrapper\dists\gradle-8.2-bin\bbg7u40eoinfdyxsxr3z4i7ta\gradle-8.2\lib\agents\gradle-instrumentation-agent-8.2.jar org.gradle.launcher.daemon.bootstrap.GradleDaemon 8.2

Host: 12th Gen Intel(R) Core(TM) i7-12700KF, 20 cores, 31G,  Windows 11 , 64 bit Build 22621 (10.0.22621.3235)
Time: Sat Mar 16 18:04:01 2024 Central Daylight Time elapsed time: 172.861238 seconds (0d 0h 2m 52s)

---------------  T H R E A D  ---------------

Current thread (0x000001cf1b03d9f0):  JavaThread "C2 CompilerThread0" daemon [_thread_in_native, id=11224, stack(0x000000cc63100000,0x000000cc63200000)]


Current CompileTask:
C2: 172861 41880       4       org.gradle.internal.snapshot.impl.AbstractValueProcessor::processValue (775 bytes)

Stack: [0x000000cc63100000,0x000000cc63200000],  sp=0x000000cc631fbbb0,  free space=1006k
Native frames: (J=compiled Java code, j=interpreted, Vv=VM code, C=native code)
V  [jvm.dll+0x3711c6]
V  [jvm.dll+0x36a5b1]
V  [jvm.dll+0x1be6df]
V  [jvm.dll+0x21df09]
V  [jvm.dll+0x21d1d1]
V  [jvm.dll+0x1a674d]
V  [jvm.dll+0x22d088]
V  [jvm.dll+0x22b1c0]
V  [jvm.dll+0x7f62f7]
V  [jvm.dll+0x7f06aa]
V  [jvm.dll+0x687565]
C  [ucrtbase.dll+0x29363]
C  [KERNEL32.DLL+0x1257d]
C  [ntdll.dll+0x5aa58]


siginfo: EXCEPTION_ACCESS_VIOLATION (0xc0000005), reading address 0x0000012e3899f5ca


Registers:
RAX=0x0000012e3899f5ca, RBX=0x000000cc631fbc00, RCX=0x0000000000000000, RDX=0x0000000000000004
RSP=0x000000cc631fbbb0, RBP=0x000000cc631fbd10, RSI=0x00007ffee2ec4158, RDI=0x0000000000000000
R8 =0x000001cf3be55ef0, R9 =0x0000000000000004, R10=0x0000000000000003, R11=0x000001cf3b194860
R12=0x0000000000000000, R13=0x000001cf22550c48, R14=0x0000000000000012, R15=0x00007ffee2ec4158
RIP=0x00007ffee26a11c6, EFLAGS=0x0000000000010297


Register to memory mapping:

RIP=0x00007ffee26a11c6 jvm.dll
RAX=0x0000012e3899f5ca is an unknown value
RBX=0x000000cc631fbc00 is pointing into the stack for thread: 0x000001cf1b03d9f0
RCX=0x0 is NULL
RDX=0x0000000000000004 is an unknown value
RSP=0x000000cc631fbbb0 is pointing into the stack for thread: 0x000001cf1b03d9f0
RBP=0x000000cc631fbd10 is pointing into the stack for thread: 0x000001cf1b03d9f0
RSI=0x00007ffee2ec4158 jvm.dll
RDI=0x0 is NULL
R8 =0x000001cf3be55ef0 points into unknown readable memory: 0x0000009d0000001b | 1b 00 00 00 9d 00 00 00
R9 =0x0000000000000004 is an unknown value
R10=0x0000000000000003 is an unknown value
R11=0x000001cf3b194860 points into unknown readable memory: 0x0000000000003e30 | 30 3e 00 00 00 00 00 00
R12=0x0 is NULL
R13=0x000001cf22550c48 points into unknown readable memory: 0x880017006c593e7f | 7f 3e 59 6c 00 17 00 88
R14=0x0000000000000012 is an unknown value
R15=0x00007ffee2ec4158 jvm.dll


Top of Stack: (sp=0x000000cc631fbbb0)
0x000000cc631fbbb0:   000001cf1afaaa80 000001cf2585de00
0x000000cc631fbbc0:   0000000000243e80 00007ffee2ca10e8
0x000000cc631fbbd0:   000001cf3be55bd0 00007ffee269a5b1
0x000000cc631fbbe0:   0000000000000e12 0000000000000e12
0x000000cc631fbbf0:   000001cf1afaaa00 0000000000000000
0x000000cc631fbc00:   0000000000000000 0000000400000000
0x000000cc631fbc10:   0000009d00000000 0000000000000000
0x000000cc631fbc20:   0000012e3899f5ca 000001cf3be55ef0
0x000000cc631fbc30:   000001cf22550870 0000000000000000
0x000000cc631fbc40:   000000cc631fbd50 00007ffee24ee6df
0x000000cc631fbc50:   000000cc631fc0a0 000000cc631fc180
0x000000cc631fbc60:   00000000000003d8 000001cf22550860
0x000000cc631fbc70:   0000000000000000 00007fff83441b06
0x000000cc631fbc80:   0000000000000006 000001cf22550860
0x000000cc631fbc90:   000001cf2096be50 000001cf20970ae0
0x000000cc631fbca0:   000001cf20973e38 00000000004a0378
0x000000cc631fbcb0:   0000000000000000 0000000000000000
0x000000cc631fbcc0:   0000000000000000 000001cf274c8200
0x000000cc631fbcd0:   0000000000000000 00007ffee2c6f048
0x000000cc631fbce0:   0000000000000000 000000cc631fe9f0
0x000000cc631fbcf0:   0000000000000000 00007ffee2c6f048
0x000000cc631fbd00:   0000000000000000 0000000000000218
0x000000cc631fbd10:   000001cf0000000c 000000cc631fe9f0
0x000000cc631fbd20:   000001cf3bdc93b0 0000000000000000
0x000000cc631fbd30:   000001cf39fa0090 000000000000165f
0x000000cc631fbd40:   000000cc631fbc80 000001cf22550870
0x000000cc631fbd50:   00007ffee2c6f018 000000000000000d
0x000000cc631fbd60:   000000cc631fe9f0 000000cc631fc0a0
0x000000cc631fbd70:   00000000000028a2 000001cf1afaaa80
0x000000cc631fbd80:   00007ffe0000000a 000000cc631fe9f0
0x000000cc631fbd90:   000001cf3a73df10 0000000000000000
0x000000cc631fbda0:   000001cf381cccc0 000001cf25d1f6e0 

Instructions: (pc=0x00007ffee26a11c6)
0x00007ffee26a10c6:   3c 28 00 75 05 e8 88 c7 52 00 b8 20 00 00 00 48
0x00007ffee26a10d6:   8b 0c 28 48 8b 81 e0 04 00 00 48 8b a8 80 00 00
0x00007ffee26a10e6:   00 48 8b 8d d0 08 00 00 48 85 c9 75 0c e8 e8 0b
0x00007ffee26a10f6:   00 00 48 8b 8d d0 08 00 00 48 8b 01 0f 57 c0 48
0x00007ffee26a1106:   89 85 d0 08 00 00 0f 11 01 0f 11 41 10 41 0f 10
0x00007ffee26a1116:   06 0f 11 01 41 0f 10 4e 10 0f 11 49 10 48 8b 43
0x00007ffee26a1126:   08 48 89 0c 06 ff c7 ba 50 00 00 00 3b bb 90 00
0x00007ffee26a1136:   00 00 0f 82 62 ff ff ff 4c 8b 74 24 60 4c 8b 6c
0x00007ffee26a1146:   24 58 4c 8b 64 24 50 48 8b c3 48 83 c4 20 41 5f
0x00007ffee26a1156:   5f 5e 5d 5b c3 cc cc cc cc cc 40 53 48 83 ec 20
0x00007ffee26a1166:   8b 51 0c 48 8b d9 83 fa 04 73 2a 4c 8b 59 18 66
0x00007ffee26a1176:   66 66 0f 1f 84 00 00 00 00 00 44 8b d2 44 8d 4a
0x00007ffee26a1186:   01 4b 83 3c d3 00 0f 85 8f 00 00 00 41 8b d1 41
0x00007ffee26a1196:   83 f9 04 72 e5 48 89 74 24 30 48 89 7c 24 38 8b
0x00007ffee26a11a6:   79 10 3b 79 14 73 62 48 8d 35 a4 2f 82 00 0f 1f
0x00007ffee26a11b6:   40 00 0f 1f 84 00 00 00 00 00 48 8b 43 20 8b cf
0x00007ffee26a11c6:   48 8b 14 c8 48 3b d6 74 39 33 c0 48 89 53 18 33
0x00007ffee26a11d6:   c9 66 0f 1f 84 00 00 00 00 00 48 83 3c 11 00 44
0x00007ffee26a11e6:   8d 48 01 75 6f 48 83 c1 08 41 8b c1 41 83 f9 04
0x00007ffee26a11f6:   72 e8 48 8b 4b 28 48 85 c9 74 07 8b d7 e8 58 01
0x00007ffee26a1206:   00 00 ff c7 3b 7b 14 72 b1 48 8b 74 24 30 33 c0
0x00007ffee26a1216:   48 8b 7c 24 38 48 83 c4 20 5b c3 8b 41 10 44 8d
0x00007ffee26a1226:   04 82 41 c1 e0 06 41 81 c0 00 ff ff ff 44 89 41
0x00007ffee26a1236:   08 4b 8b 14 d3 48 0f bc c2 44 89 49 0c 8b c8 48
0x00007ffee26a1246:   d3 ea 48 ff ca 41 03 c0 48 89 13 89 43 08 48 83
0x00007ffee26a1256:   c4 20 5b c3 48 8b 74 24 30 44 8d 04 b8 8b c8 8d
0x00007ffee26a1266:   47 01 48 8b 7c 24 38 41 c1 e0 06 44 89 43 08 48
0x00007ffee26a1276:   8b 14 ca 89 43 10 48 0f bc c2 44 89 4b 0c 8b c8
0x00007ffee26a1286:   48 d3 ea 48 ff ca 41 03 c0 48 89 13 89 43 08 48
0x00007ffee26a1296:   83 c4 20 5b c3 cc cc cc cc cc 40 53 48 83 ec 20
0x00007ffee26a12a6:   65 48 8b 04 25 58 00 00 00 8b 0d 43 1a 87 00 48
0x00007ffee26a12b6:   8b 1c c8 b8 50 00 00 00 80 3c 18 00 75 05 e8 8f 


Stack slot to memory mapping:
stack at sp + 0 slots: 0x000001cf1afaaa80 points into unknown readable memory: 0x616a002c00000006 | 06 00 00 00 2c 00 6a 61
stack at sp + 1 slots: 0x000001cf2585de00 points into unknown readable memory: 0x24e827e800000004 | 04 00 00 00 e8 27 e8 24
stack at sp + 2 slots: 0x0000000000243e80 is an unknown value
stack at sp + 3 slots: 0x00007ffee2ca10e8 jvm.dll
stack at sp + 4 slots: 0x000001cf3be55bd0 points into unknown readable memory: 0x0000000f0000000b | 0b 00 00 00 0f 00 00 00
stack at sp + 5 slots: 0x00007ffee269a5b1 jvm.dll
stack at sp + 6 slots: 0x0000000000000e12 is an unknown value
stack at sp + 7 slots: 0x0000000000000e12 is an unknown value


---------------  P R O C E S S  ---------------

Threads class SMR info:
_java_thread_list=0x000001cf2bd41a40, length=266, elements={
0x000001cf0005bb80, 0x000001cf1aff3830, 0x000001cf1aff5310, 0x000001cf1affcb50,
0x000001cf1afff520, 0x000001cf1b038000, 0x000001cf1b03a8e0, 0x000001cf1b03d9f0,
0x000001cf1b03e4a0, 0x000001cf1b0443b0, 0x000001cf1b0fc050, 0x000001cf1b2ceae0,
0x000001cf209ef570, 0x000001cf2237c860, 0x000001cf2182cc30, 0x000001cf2237a310,
0x000001cf223798f0, 0x000001cf22377070, 0x000001cf2237a820, 0x000001cf22377580,
0x000001cf22377a90, 0x000001cf228eeec0, 0x000001cf228ecb50, 0x000001cf228f3fc0,
0x000001cf228ef3d0, 0x000001cf228f1740, 0x000001cf228f44d0, 0x000001cf228f1c50,
0x000001cf228ef8e0, 0x000001cf228efdf0, 0x000001cf228f1230, 0x000001cf228ee4a0,
0x000001cf228ee9b0, 0x000001cf228f2b80, 0x000001cf228ed060, 0x000001cf228f0300,
0x000001cf228eda80, 0x000001cf228f0810, 0x000001cf228f2160, 0x000001cf228f3090,
0x000001cf228f0d20, 0x000001cf228f3ab0, 0x000001cf22405690, 0x000001cf22888200,
0x000001cf268a5e60, 0x000001cf25c826d0, 0x000001cf2a90aba0, 0x000001cf2a90b0b0,
0x000001cf1bae2f80, 0x000001cf2623c190, 0x000001cf2623cbb0, 0x000001cf2623d0c0,
0x000001cf23edd5a0, 0x000001cf1bae39a0, 0x000001cf1bae0700, 0x000001cf1bae2050,
0x000001cf1bae2560, 0x000001cf1bae0c10, 0x000001cf2623dae0, 0x000001cf23edf580,
0x000001cf27704fb0, 0x000001cf27705500, 0x000001cf2623dff0, 0x000001cf2623e500,
0x000001cf2623ea10, 0x000001cf2623ef20, 0x000001cf2623f430, 0x000001cf2623bc80,
0x000001cf22cbfae0, 0x000001cf20b2c3d0, 0x000001cf20b2aa80, 0x000001cf20b2b4a0,
0x000001cf20b2a060, 0x000001cf20b2c8e0, 0x000001cf20b2bec0, 0x000001cf20b2af90,
0x000001cf20b2d300, 0x000001cf2948c800, 0x000001cf2948b8d0, 0x000001cf2948cd10,
0x000001cf2948d220, 0x000001cf277064f0, 0x000001cf1bae3490, 0x000001cf27705fa0,
0x000001cf213db1b0, 0x000001cf213db6c0, 0x000001cf213dcb00, 0x000001cf266f4f10,
0x000001cf266f5420, 0x000001cf266f6350, 0x000001cf266f6860, 0x000001cf266f30b0,
0x000001cf266f35c0, 0x000001cf266f5e40, 0x000001cf266f3ad0, 0x000001cf266f4a00,
0x000001cf266f3fe0, 0x000001cf266f44f0, 0x000001cf25468200, 0x000001cf254677e0,
0x000001cf25467cf0, 0x000001cf254668b0, 0x000001cf2691af40, 0x000001cf2691c380,
0x000001cf2691a010, 0x000001cf2691be70, 0x000001cf1bae3eb0, 0x000001cf26fa5fd0,
0x000001cf2a90a180, 0x000001cf2a90a690, 0x000001cf24e37910, 0x000001cf24e37e20,
0x000001cf24e38330, 0x000001cf24e39c80, 0x000001cf24e3a190, 0x000001cf24e3a6a0,
0x000001cf24e38840, 0x000001cf24e39260, 0x000001cf24e36ef0, 0x000001cf24e39770,
0x000001cf24e38d50, 0x000001cf24e37400, 0x000001cf266934d0, 0x000001cf26692ab0,
0x000001cf26693ef0, 0x000001cf26694910, 0x000001cf266939e0, 0x000001cf20b40430,
0x000001cf28510a80, 0x000001cf28510060, 0x000001cf28512df0, 0x000001cf28511ec0,
0x000001cf285114a0, 0x000001cf28510570, 0x000001cf28510f90, 0x000001cf25c83600,
0x000001cf25c82be0, 0x000001cf25c81cb0, 0x000001cf25c84020, 0x000001cf25c830f0,
0x000001cf25c84a40, 0x000001cf299e9bb0, 0x000001cf299e9190, 0x000001cf299e8770,
0x000001cf299e8c80, 0x000001cf299e96a0, 0x000001cf299ea5d0, 0x000001cf2ae40e60,
0x000001cf2ae3aec0, 0x000001cf2ae3de90, 0x000001cf2ae3ee80, 0x000001cf2691c890,
0x000001cf2691cda0, 0x000001cf2691b960, 0x000001cf2691aa30, 0x000001cf2691d2b0,
0x000001cf2691a520, 0x000001cf2691d7c0, 0x000001cf1bccb990, 0x000001cf1bcc9110,
0x000001cf2b4d02f0, 0x000001cf2b4cf3c0, 0x000001cf2b4cd560, 0x000001cf2b4ce490,
0x000001cf2b4ce9a0, 0x000001cf2b4ceeb0, 0x000001cf2b4cf8d0, 0x000001cf2b4cd050,
0x000001cf2b4cda70, 0x000001cf213dd010, 0x000001cf266599f0, 0x000001cf2665a920,
0x000001cf26658fd0, 0x000001cf20b40940, 0x000001cf20b40e50, 0x000001cf20b41360,
0x000001cf2b089450, 0x000001cf2b089e70, 0x000001cf2b08a380, 0x000001cf2b089960,
0x000001cf2b088f40, 0x000001cf2b088a30, 0x000001cf259e8a90, 0x000001cf259e8580,
0x000001cf259e99c0, 0x000001cf259e8070, 0x000001cf259e8fa0, 0x000001cf259e94b0,
0x000001cf2b195c70, 0x000001cf276f5b90, 0x000001cf276f74e0, 0x000001cf276f4240,
0x000001cf276f4750, 0x000001cf276f5170, 0x000001cf276f60a0, 0x000001cf272d34d0,
0x000001cf276aaac0, 0x000001cf276ab4e0, 0x000001cf276a9170, 0x000001cf276abf00,
0x000001cf26692fc0, 0x000001cf26694400, 0x000001cf26694e20, 0x000001cf26695840,
0x000001cf26695330, 0x000001cf276ab9f0, 0x000001cf276ac410, 0x000001cf22b24670,
0x000001cf285123d0, 0x000001cf285128e0, 0x000001cf28513300, 0x000001cf28513810,
0x000001cf29a8f810, 0x000001cf1b680f10, 0x000001cf1b682860, 0x000001cf1b681420,
0x000001cf1b681930, 0x000001cf1b67ffe0, 0x000001cf1b681e40, 0x000001cf1b6804f0,
0x000001cf26fa69f0, 0x000001cf26fa9270, 0x000001cf26fa5ac0, 0x000001cf26fa7410,
0x000001cf26fa7920, 0x000001cf26fa7e30, 0x000001cf26fa8340, 0x000001cf26695d50,
0x000001cf26696260, 0x000001cf3b581c80, 0x000001cf3b582190, 0x000001cf3b5826a0,
0x000001cf3b584500, 0x000001cf3b583ae0, 0x000001cf3b580d50, 0x000001cf3b581770,
0x000001cf3b583ff0, 0x000001cf3b581260, 0x000001cf3b582bb0, 0x000001cf3b5830c0,
0x000001cf3b5835d0, 0x000001cf270ae540, 0x000001cf1bae1b40, 0x000001cf1bae1120,
0x000001cf28a884a0, 0x000001cf28a893d0, 0x000001cf2649b040, 0x000001cf2649b550,
0x000001cf2649c480, 0x000001cf2649ba60, 0x000001cf2649c990, 0x000001cf2649d3b0,
0x000001cf2649ddd0, 0x000001cf2649ab30, 0x000001cf2becee80, 0x000001cf2bed0ce0,
0x000001cf276f4c60, 0x000001cf2948c2f0, 0x000001cf2948d730, 0x000001cf2948dc40,
0x000001cf2948e150, 0x000001cf2948a9a0, 0x000001cf2948bde0, 0x000001cf2948aeb0,
0x000001cf28a898e0, 0x000001cf22b23230
}

Java Threads: ( => current thread )
  0x000001cf0005bb80 JavaThread "main" [_thread_blocked, id=16700, stack(0x000000cc62400000,0x000000cc62500000)]
  0x000001cf1aff3830 JavaThread "Reference Handler" daemon [_thread_blocked, id=7480, stack(0x000000cc62b00000,0x000000cc62c00000)]
  0x000001cf1aff5310 JavaThread "Finalizer" daemon [_thread_blocked, id=16372, stack(0x000000cc62c00000,0x000000cc62d00000)]
  0x000001cf1affcb50 JavaThread "Signal Dispatcher" daemon [_thread_blocked, id=3984, stack(0x000000cc62d00000,0x000000cc62e00000)]
  0x000001cf1afff520 JavaThread "Attach Listener" daemon [_thread_blocked, id=10028, stack(0x000000cc62e00000,0x000000cc62f00000)]
  0x000001cf1b038000 JavaThread "Service Thread" daemon [_thread_blocked, id=16176, stack(0x000000cc62f00000,0x000000cc63000000)]
  0x000001cf1b03a8e0 JavaThread "Monitor Deflation Thread" daemon [_thread_blocked, id=8760, stack(0x000000cc63000000,0x000000cc63100000)]
=>0x000001cf1b03d9f0 JavaThread "C2 CompilerThread0" daemon [_thread_in_native, id=11224, stack(0x000000cc63100000,0x000000cc63200000)]
  0x000001cf1b03e4a0 JavaThread "C1 CompilerThread0" daemon [_thread_in_native, id=7120, stack(0x000000cc63200000,0x000000cc63300000)]
  0x000001cf1b0443b0 JavaThread "Sweeper thread" daemon [_thread_in_vm, id=19284, stack(0x000000cc63300000,0x000000cc63400000)]
  0x000001cf1b0fc050 JavaThread "Common-Cleaner" daemon [_thread_blocked, id=10108, stack(0x000000cc63400000,0x000000cc63500000)]
  0x000001cf1b2ceae0 JavaThread "Notification Thread" daemon [_thread_blocked, id=14628, stack(0x000000cc63700000,0x000000cc63800000)]
  0x000001cf209ef570 JavaThread "Daemon health stats" [_thread_blocked, id=9776, stack(0x000000cc64900000,0x000000cc64a00000)]
  0x000001cf2237c860 JavaThread "Incoming local TCP Connector on port 51167" [_thread_in_native, id=11016, stack(0x000000cc64a00000,0x000000cc64b00000)]
  0x000001cf2182cc30 JavaThread "Daemon periodic checks" [_thread_blocked, id=18540, stack(0x000000cc64b00000,0x000000cc64c00000)]
  0x000001cf2237a310 JavaThread "Cache worker for journal cache (C:\Users\Pankaj\.gradle\caches\journal-1)" [_thread_in_native, id=6756, stack(0x000000cc65900000,0x000000cc65a00000)]
  0x000001cf223798f0 JavaThread "File lock request listener" [_thread_in_native, id=2284, stack(0x000000cc65a00000,0x000000cc65b00000)]
  0x000001cf22377070 JavaThread "Cache worker for file hash cache (C:\Users\Pankaj\.gradle\caches\8.2\fileHashes)" [_thread_blocked, id=9168, stack(0x000000cc65b00000,0x000000cc65c00000)]
  0x000001cf2237a820 JavaThread "File watcher server" daemon [_thread_in_native, id=8236, stack(0x000000cc65c00000,0x000000cc65d00000)]
  0x000001cf22377580 JavaThread "File watcher consumer" daemon [_thread_blocked, id=6560, stack(0x000000cc65d00000,0x000000cc65e00000)]
  0x000001cf22377a90 JavaThread "jar transforms" [_thread_blocked, id=2456, stack(0x000000cc63900000,0x000000cc63a00000)]
  0x000001cf228eeec0 JavaThread "jar transforms Thread 2" [_thread_blocked, id=11020, stack(0x000000cc63a00000,0x000000cc63b00000)]
  0x000001cf228ecb50 JavaThread "jar transforms Thread 3" [_thread_blocked, id=4000, stack(0x000000cc63b00000,0x000000cc63c00000)]
  0x000001cf228f3fc0 JavaThread "jar transforms Thread 4" [_thread_blocked, id=19272, stack(0x000000cc63c00000,0x000000cc63d00000)]
  0x000001cf228ef3d0 JavaThread "jar transforms Thread 5" [_thread_blocked, id=18324, stack(0x000000cc65e00000,0x000000cc65f00000)]
  0x000001cf228f1740 JavaThread "jar transforms Thread 6" [_thread_blocked, id=19132, stack(0x000000cc65f00000,0x000000cc66000000)]
  0x000001cf228f44d0 JavaThread "jar transforms Thread 7" [_thread_blocked, id=9500, stack(0x000000cc66000000,0x000000cc66100000)]
  0x000001cf228f1c50 JavaThread "jar transforms Thread 8" [_thread_blocked, id=7316, stack(0x000000cc66100000,0x000000cc66200000)]
  0x000001cf228ef8e0 JavaThread "jar transforms Thread 9" [_thread_blocked, id=15728, stack(0x000000cc66200000,0x000000cc66300000)]
  0x000001cf228efdf0 JavaThread "jar transforms Thread 10" [_thread_blocked, id=16904, stack(0x000000cc66300000,0x000000cc66400000)]
  0x000001cf228f1230 JavaThread "jar transforms Thread 11" [_thread_blocked, id=19312, stack(0x000000cc66400000,0x000000cc66500000)]
  0x000001cf228ee4a0 JavaThread "jar transforms Thread 12" [_thread_blocked, id=14528, stack(0x000000cc66500000,0x000000cc66600000)]
  0x000001cf228ee9b0 JavaThread "jar transforms Thread 13" [_thread_blocked, id=4276, stack(0x000000cc66600000,0x000000cc66700000)]
  0x000001cf228f2b80 JavaThread "jar transforms Thread 14" [_thread_blocked, id=10516, stack(0x000000cc66700000,0x000000cc66800000)]
  0x000001cf228ed060 JavaThread "jar transforms Thread 15" [_thread_blocked, id=3776, stack(0x000000cc66800000,0x000000cc66900000)]
  0x000001cf228f0300 JavaThread "jar transforms Thread 16" [_thread_blocked, id=20108, stack(0x000000cc66900000,0x000000cc66a00000)]
  0x000001cf228eda80 JavaThread "jar transforms Thread 17" [_thread_blocked, id=3824, stack(0x000000cc66a00000,0x000000cc66b00000)]
  0x000001cf228f0810 JavaThread "jar transforms Thread 18" [_thread_blocked, id=8868, stack(0x000000cc66b00000,0x000000cc66c00000)]
  0x000001cf228f2160 JavaThread "jar transforms Thread 19" [_thread_blocked, id=6508, stack(0x000000cc66c00000,0x000000cc66d00000)]
  0x000001cf228f3090 JavaThread "jar transforms Thread 20" [_thread_blocked, id=13436, stack(0x000000cc66d00000,0x000000cc66e00000)]
  0x000001cf228f0d20 JavaThread "Cache worker for file content cache (C:\Users\Pankaj\.gradle\caches\8.2\fileContent)" [_thread_blocked, id=12624, stack(0x000000cc67200000,0x000000cc67300000)]
  0x000001cf228f3ab0 JavaThread "Cache worker for execution history cache (C:\Users\Pankaj\.gradle\caches\8.2\executionHistory)" [_thread_blocked, id=7372, stack(0x000000cc67500000,0x000000cc67600000)]
  0x000001cf22405690 JavaThread "Cache worker for kotlin-dsl (C:\Users\Pankaj\.gradle\caches\8.2\kotlin-dsl)" [_thread_blocked, id=12764, stack(0x000000cc67b00000,0x000000cc67c00000)]
  0x000001cf22888200 JavaThread "Memory manager" [_thread_blocked, id=16068, stack(0x000000cc6df00000,0x000000cc6e000000)]
  0x000001cf268a5e60 JavaThread "pool-3-thread-1" [_thread_blocked, id=1956, stack(0x000000cc6e300000,0x000000cc6e400000)]
  0x000001cf25c826d0 JavaThread "Daemon Thread 2" [_thread_blocked, id=11584, stack(0x000000cc62100000,0x000000cc62200000)]
  0x000001cf2a90aba0 JavaThread "Handler for socket connection from /127.0.0.1:51167 to /127.0.0.1:51691" [_thread_in_native, id=21860, stack(0x000000cc62200000,0x000000cc62300000)]
  0x000001cf2a90b0b0 JavaThread "Cancel handler" [_thread_blocked, id=22228, stack(0x000000cc62300000,0x000000cc62400000)]
  0x000001cf1bae2f80 JavaThread "Daemon worker Thread 2" [_thread_blocked, id=16840, stack(0x000000cc63500000,0x000000cc63600000)]
  0x000001cf2623c190 JavaThread "Asynchronous log dispatcher for DefaultDaemonConnection: socket connection from /127.0.0.1:51167 to /127.0.0.1:51691" [_thread_blocked, id=21108, stack(0x000000cc63600000,0x000000cc63700000)]
  0x000001cf2623cbb0 JavaThread "Stdin handler" [_thread_blocked, id=21788, stack(0x000000cc64c00000,0x000000cc64d00000)]
  0x000001cf2623d0c0 JavaThread "Daemon client event forwarder" [_thread_blocked, id=3540, stack(0x000000cc64d00000,0x000000cc64e00000)]
  0x000001cf23edd5a0 JavaThread "C2 CompilerThread1" daemon [_thread_in_vm, id=21004, stack(0x000000cc64e00000,0x000000cc64f00000)]
  0x000001cf1bae39a0 JavaThread "Cache worker for checksums cache (C:\Users\Pankaj\StudioProjects\Wrong-Side-Rocky\.gradle\8.2\checksums)" [_thread_blocked, id=5212, stack(0x000000cc64f00000,0x000000cc65000000)]
  0x000001cf1bae0700 JavaThread "Cache worker for cache directory md-rule (C:\Users\Pankaj\.gradle\caches\8.2\md-rule)" [_thread_blocked, id=15732, stack(0x000000cc65000000,0x000000cc65100000)]
  0x000001cf1bae2050 JavaThread "Cache worker for file hash cache (C:\Users\Pankaj\StudioProjects\Wrong-Side-Rocky\.gradle\8.2\fileHashes)" [_thread_blocked, id=22076, stack(0x000000cc65100000,0x000000cc65200000)]
  0x000001cf1bae2560 JavaThread "Cache worker for cache directory md-supplier (C:\Users\Pankaj\.gradle\caches\8.2\md-supplier)" [_thread_blocked, id=9784, stack(0x000000cc65200000,0x000000cc65300000)]
  0x000001cf1bae0c10 JavaThread "Cache worker for dependencies-accessors (C:\Users\Pankaj\StudioProjects\Wrong-Side-Rocky\.gradle\8.2\dependencies-accessors)" [_thread_blocked, id=20492, stack(0x000000cc66e00000,0x000000cc66f00000)]
  0x000001cf2623dae0 JavaThread "Cache worker for Build Output Cleanup Cache (C:\Users\Pankaj\StudioProjects\Wrong-Side-Rocky\.gradle\buildOutputCleanup)" [_thread_blocked, id=20380, stack(0x000000cc67000000,0x000000cc67100000)]
  0x000001cf23edf580 JavaThread "C1 CompilerThread1" daemon [_thread_in_vm, id=22432, stack(0x000000cc67100000,0x000000cc67200000)]
  0x000001cf27704fb0 JavaThread "C1 CompilerThread2" daemon [_thread_in_native, id=17364, stack(0x000000cc67300000,0x000000cc67400000)]
  0x000001cf27705500 JavaThread "C1 CompilerThread3" daemon [_thread_in_native, id=4340, stack(0x000000cc67400000,0x000000cc67500000)]
  0x000001cf2623dff0 JavaThread "Unconstrained build operations" [_thread_blocked, id=10344, stack(0x000000cc67700000,0x000000cc67800000)]
  0x000001cf2623e500 JavaThread "Unconstrained build operations Thread 2" [_thread_blocked, id=4556, stack(0x000000cc67800000,0x000000cc67900000)]
  0x000001cf2623ea10 JavaThread "Unconstrained build operations Thread 3" [_thread_blocked, id=1676, stack(0x000000cc67900000,0x000000cc67a00000)]
  0x000001cf2623ef20 JavaThread "Unconstrained build operations Thread 4" [_thread_blocked, id=21748, stack(0x000000cc67a00000,0x000000cc67b00000)]
  0x000001cf2623f430 JavaThread "Unconstrained build operations Thread 5" [_thread_blocked, id=21880, stack(0x000000cc67c00000,0x000000cc67d00000)]
  0x000001cf2623bc80 JavaThread "Unconstrained build operations Thread 6" [_thread_blocked, id=21652, stack(0x000000cc67d00000,0x000000cc67e00000)]
  0x000001cf22cbfae0 JavaThread "Unconstrained build operations Thread 7" [_thread_blocked, id=21676, stack(0x000000cc68200000,0x000000cc68300000)]
  0x000001cf20b2c3d0 JavaThread "Unconstrained build operations Thread 8" [_thread_blocked, id=20888, stack(0x000000cc68300000,0x000000cc68400000)]
  0x000001cf20b2aa80 JavaThread "Unconstrained build operations Thread 9" [_thread_blocked, id=21604, stack(0x000000cc68400000,0x000000cc68500000)]
  0x000001cf20b2b4a0 JavaThread "Unconstrained build operations Thread 10" [_thread_blocked, id=13416, stack(0x000000cc68500000,0x000000cc68600000)]
  0x000001cf20b2a060 JavaThread "Unconstrained build operations Thread 11" [_thread_blocked, id=21596, stack(0x000000cc68600000,0x000000cc68700000)]
  0x000001cf20b2c8e0 JavaThread "Unconstrained build operations Thread 12" [_thread_blocked, id=21600, stack(0x000000cc68700000,0x000000cc68800000)]
  0x000001cf20b2bec0 JavaThread "Unconstrained build operations Thread 13" [_thread_blocked, id=21568, stack(0x000000cc68800000,0x000000cc68900000)]
  0x000001cf20b2af90 JavaThread "Unconstrained build operations Thread 14" [_thread_blocked, id=21608, stack(0x000000cc68900000,0x000000cc68a00000)]
  0x000001cf20b2d300 JavaThread "Unconstrained build operations Thread 15" [_thread_blocked, id=21572, stack(0x000000cc68a00000,0x000000cc68b00000)]
  0x000001cf2948c800 JavaThread "Unconstrained build operations Thread 16" [_thread_blocked, id=20952, stack(0x000000cc68b00000,0x000000cc68c00000)]
  0x000001cf2948b8d0 JavaThread "Unconstrained build operations Thread 17" [_thread_blocked, id=21908, stack(0x000000cc68c00000,0x000000cc68d00000)]
  0x000001cf2948cd10 JavaThread "Unconstrained build operations Thread 18" [_thread_blocked, id=388, stack(0x000000cc68d00000,0x000000cc68e00000)]
  0x000001cf2948d220 JavaThread "Unconstrained build operations Thread 19" [_thread_blocked, id=19920, stack(0x000000cc68e00000,0x000000cc68f00000)]
  0x000001cf277064f0 JavaThread "C2 CompilerThread2" daemon [_thread_in_vm, id=21660, stack(0x000000cc68f00000,0x000000cc69000000)]
  0x000001cf1bae3490 JavaThread "build event listener" [_thread_blocked, id=21856, stack(0x000000cc69000000,0x000000cc69100000)]
  0x000001cf27705fa0 JavaThread "C2 CompilerThread3" daemon [_thread_in_native, id=7412, stack(0x000000cc69100000,0x000000cc69200000)]
  0x000001cf213db1b0 JavaThread "pool-6-thread-1" [_thread_blocked, id=21256, stack(0x000000cc69200000,0x000000cc69300000)]
  0x000001cf213db6c0 JavaThread "build event listener" [_thread_blocked, id=21112, stack(0x000000cc69300000,0x000000cc69400000)]
  0x000001cf213dcb00 JavaThread "included builds" [_thread_blocked, id=21684, stack(0x000000cc69400000,0x000000cc69500000)]
  0x000001cf266f4f10 JavaThread "Execution worker" [_thread_blocked, id=21680, stack(0x000000cc69500000,0x000000cc69600000)]
  0x000001cf266f5420 JavaThread "Execution worker Thread 2" [_thread_blocked, id=21656, stack(0x000000cc69600000,0x000000cc69700000)]
  0x000001cf266f6350 JavaThread "Execution worker Thread 3" [_thread_blocked, id=21632, stack(0x000000cc69700000,0x000000cc69800000)]
  0x000001cf266f6860 JavaThread "Execution worker Thread 4" [_thread_blocked, id=21120, stack(0x000000cc69800000,0x000000cc69900000)]
  0x000001cf266f30b0 JavaThread "Execution worker Thread 5" [_thread_blocked, id=14564, stack(0x000000cc69900000,0x000000cc69a00000)]
  0x000001cf266f35c0 JavaThread "Execution worker Thread 6" [_thread_blocked, id=5808, stack(0x000000cc69a00000,0x000000cc69b00000)]
  0x000001cf266f5e40 JavaThread "Execution worker Thread 7" [_thread_blocked, id=21576, stack(0x000000cc69b00000,0x000000cc69c00000)]
  0x000001cf266f3ad0 JavaThread "Execution worker Thread 8" [_thread_blocked, id=21424, stack(0x000000cc69c00000,0x000000cc69d00000)]
  0x000001cf266f4a00 JavaThread "Execution worker Thread 9" [_thread_blocked, id=21584, stack(0x000000cc69d00000,0x000000cc69e00000)]
  0x000001cf266f3fe0 JavaThread "Execution worker Thread 10" [_thread_blocked, id=21592, stack(0x000000cc69e00000,0x000000cc69f00000)]
  0x000001cf266f44f0 JavaThread "Execution worker Thread 11" [_thread_blocked, id=21564, stack(0x000000cc69f00000,0x000000cc6a000000)]
  0x000001cf25468200 JavaThread "Execution worker Thread 12" [_thread_blocked, id=21580, stack(0x000000cc6a000000,0x000000cc6a100000)]
  0x000001cf254677e0 JavaThread "Execution worker Thread 13" [_thread_in_vm, id=11936, stack(0x000000cc6a100000,0x000000cc6a200000)]
  0x000001cf25467cf0 JavaThread "Execution worker Thread 14" [_thread_blocked, id=11300, stack(0x000000cc6a200000,0x000000cc6a300000)]
  0x000001cf254668b0 JavaThread "Execution worker Thread 15" [_thread_blocked, id=21688, stack(0x000000cc6a300000,0x000000cc6a400000)]
  0x000001cf2691af40 JavaThread "Execution worker Thread 16" [_thread_blocked, id=14236, stack(0x000000cc6a400000,0x000000cc6a500000)]
  0x000001cf2691c380 JavaThread "Execution worker Thread 17" [_thread_blocked, id=15152, stack(0x000000cc6a500000,0x000000cc6a600000)]
  0x000001cf2691a010 JavaThread "Execution worker Thread 18" [_thread_blocked, id=21672, stack(0x000000cc6a600000,0x000000cc6a700000)]
  0x000001cf2691be70 JavaThread "Execution worker Thread 19" [_thread_blocked, id=17876, stack(0x000000cc6a700000,0x000000cc6a800000)]
  0x000001cf1bae3eb0 JavaThread "Cache worker for execution history cache (C:\Users\Pankaj\StudioProjects\Wrong-Side-Rocky\.gradle\8.2\executionHistory)" [_thread_blocked, id=13056, stack(0x000000cc6a800000,0x000000cc6a900000)]
  0x000001cf26fa5fd0 JavaThread "WorkerExecutor Queue" [_thread_blocked, id=21664, stack(0x000000cc6a900000,0x000000cc6aa00000)]
  0x000001cf2a90a180 JavaThread "Unconstrained build operations Thread 20" [_thread_blocked, id=21588, stack(0x000000cc6aa00000,0x000000cc6ab00000)]
  0x000001cf2a90a690 JavaThread "Unconstrained build operations Thread 21" [_thread_blocked, id=21716, stack(0x000000cc6ab00000,0x000000cc6ac00000)]
  0x000001cf24e37910 JavaThread "Unconstrained build operations Thread 22" [_thread_blocked, id=21696, stack(0x000000cc6ac00000,0x000000cc6ad00000)]
  0x000001cf24e37e20 JavaThread "Unconstrained build operations Thread 23" [_thread_blocked, id=21712, stack(0x000000cc6ad00000,0x000000cc6ae00000)]
  0x000001cf24e38330 JavaThread "Unconstrained build operations Thread 24" [_thread_blocked, id=21892, stack(0x000000cc6ae00000,0x000000cc6af00000)]
  0x000001cf24e39c80 JavaThread "Unconstrained build operations Thread 25" [_thread_blocked, id=21884, stack(0x000000cc6af00000,0x000000cc6b000000)]
  0x000001cf24e3a190 JavaThread "Unconstrained build operations Thread 26" [_thread_blocked, id=21016, stack(0x000000cc6b000000,0x000000cc6b100000)]
  0x000001cf24e3a6a0 JavaThread "Unconstrained build operations Thread 27" [_thread_blocked, id=22020, stack(0x000000cc6b100000,0x000000cc6b200000)]
  0x000001cf24e38840 JavaThread "Unconstrained build operations Thread 28" [_thread_blocked, id=21440, stack(0x000000cc6b200000,0x000000cc6b300000)]
  0x000001cf24e39260 JavaThread "Unconstrained build operations Thread 29" [_thread_blocked, id=18804, stack(0x000000cc6b300000,0x000000cc6b400000)]
  0x000001cf24e36ef0 JavaThread "Unconstrained build operations Thread 30" [_thread_blocked, id=14020, stack(0x000000cc6b400000,0x000000cc6b500000)]
  0x000001cf24e39770 JavaThread "Unconstrained build operations Thread 31" [_thread_blocked, id=9148, stack(0x000000cc6b500000,0x000000cc6b600000)]
  0x000001cf24e38d50 JavaThread "Unconstrained build operations Thread 32" [_thread_blocked, id=14552, stack(0x000000cc6b600000,0x000000cc6b700000)]
  0x000001cf24e37400 JavaThread "Unconstrained build operations Thread 33" [_thread_blocked, id=13276, stack(0x000000cc6b700000,0x000000cc6b800000)]
  0x000001cf266934d0 JavaThread "Unconstrained build operations Thread 34" [_thread_blocked, id=17548, stack(0x000000cc6b800000,0x000000cc6b900000)]
  0x000001cf26692ab0 JavaThread "Unconstrained build operations Thread 35" [_thread_blocked, id=10864, stack(0x000000cc6b900000,0x000000cc6ba00000)]
  0x000001cf26693ef0 JavaThread "Unconstrained build operations Thread 36" [_thread_blocked, id=17056, stack(0x000000cc6ba00000,0x000000cc6bb00000)]
  0x000001cf26694910 JavaThread "Unconstrained build operations Thread 37" [_thread_blocked, id=14348, stack(0x000000cc6bb00000,0x000000cc6bc00000)]
  0x000001cf266939e0 JavaThread "Unconstrained build operations Thread 38" [_thread_blocked, id=11064, stack(0x000000cc6bc00000,0x000000cc6bd00000)]
  0x000001cf20b40430 JavaThread "WorkerExecutor Queue Thread 2" [_thread_blocked, id=8184, stack(0x000000cc6bd00000,0x000000cc6be00000)]
  0x000001cf28510a80 JavaThread "Unconstrained build operations Thread 39" [_thread_blocked, id=7520, stack(0x000000cc6be00000,0x000000cc6bf00000)]
  0x000001cf28510060 JavaThread "Unconstrained build operations Thread 40" [_thread_blocked, id=15200, stack(0x000000cc6bf00000,0x000000cc6c000000)]
  0x000001cf28512df0 JavaThread "Unconstrained build operations Thread 41" [_thread_blocked, id=21508, stack(0x000000cc6c000000,0x000000cc6c100000)]
  0x000001cf28511ec0 JavaThread "Unconstrained build operations Thread 42" [_thread_blocked, id=20216, stack(0x000000cc6c100000,0x000000cc6c200000)]
  0x000001cf285114a0 JavaThread "Unconstrained build operations Thread 43" [_thread_blocked, id=4112, stack(0x000000cc6c200000,0x000000cc6c300000)]
  0x000001cf28510570 JavaThread "Unconstrained build operations Thread 44" [_thread_blocked, id=21704, stack(0x000000cc6c300000,0x000000cc6c400000)]
  0x000001cf28510f90 JavaThread "Unconstrained build operations Thread 45" [_thread_blocked, id=19616, stack(0x000000cc6c400000,0x000000cc6c500000)]
  0x000001cf25c83600 JavaThread "Unconstrained build operations Thread 46" [_thread_blocked, id=8708, stack(0x000000cc6c500000,0x000000cc6c600000)]
  0x000001cf25c82be0 JavaThread "Unconstrained build operations Thread 47" [_thread_blocked, id=16748, stack(0x000000cc6c600000,0x000000cc6c700000)]
  0x000001cf25c81cb0 JavaThread "Unconstrained build operations Thread 48" [_thread_blocked, id=21048, stack(0x000000cc6c700000,0x000000cc6c800000)]
  0x000001cf25c84020 JavaThread "Unconstrained build operations Thread 49" [_thread_blocked, id=22524, stack(0x000000cc6c800000,0x000000cc6c900000)]
  0x000001cf25c830f0 JavaThread "Unconstrained build operations Thread 50" [_thread_blocked, id=21516, stack(0x000000cc6c900000,0x000000cc6ca00000)]
  0x000001cf25c84a40 JavaThread "Unconstrained build operations Thread 51" [_thread_blocked, id=21700, stack(0x000000cc6ca00000,0x000000cc6cb00000)]
  0x000001cf299e9bb0 JavaThread "Unconstrained build operations Thread 52" [_thread_blocked, id=16236, stack(0x000000cc6cb00000,0x000000cc6cc00000)]
  0x000001cf299e9190 JavaThread "Unconstrained build operations Thread 53" [_thread_blocked, id=21616, stack(0x000000cc6cc00000,0x000000cc6cd00000)]
  0x000001cf299e8770 JavaThread "Unconstrained build operations Thread 54" [_thread_blocked, id=21708, stack(0x000000cc6cd00000,0x000000cc6ce00000)]
  0x000001cf299e8c80 JavaThread "Unconstrained build operations Thread 55" [_thread_blocked, id=21628, stack(0x000000cc6ce00000,0x000000cc6cf00000)]
  0x000001cf299e96a0 JavaThread "Unconstrained build operations Thread 56" [_thread_blocked, id=21612, stack(0x000000cc6cf00000,0x000000cc6d000000)]
  0x000001cf299ea5d0 JavaThread "Unconstrained build operations Thread 57" [_thread_blocked, id=16148, stack(0x000000cc6d000000,0x000000cc6d100000)]
  0x000001cf2ae40e60 JavaThread "C2 CompilerThread4" daemon [_thread_in_native, id=22060, stack(0x000000cc6d100000,0x000000cc6d200000)]
  0x000001cf2ae3aec0 JavaThread "C2 CompilerThread5" daemon [_thread_in_native, id=21624, stack(0x000000cc6d200000,0x000000cc6d300000)]
  0x000001cf2ae3de90 JavaThread "C2 CompilerThread6" daemon [_thread_in_native, id=21904, stack(0x000000cc6d300000,0x000000cc6d400000)]
  0x000001cf2ae3ee80 JavaThread "C2 CompilerThread7" daemon [_thread_in_native, id=5844, stack(0x000000cc6d400000,0x000000cc6d500000)]
  0x000001cf2691c890 JavaThread "WorkerExecutor Queue Thread 3" [_thread_in_Java, id=21668, stack(0x000000cc6d800000,0x000000cc6d900000)]
  0x000001cf2691cda0 JavaThread "WorkerExecutor Queue Thread 4" [_thread_blocked, id=21888, stack(0x000000cc6d900000,0x000000cc6da00000)]
  0x000001cf2691b960 JavaThread "WorkerExecutor Queue Thread 5" [_thread_blocked, id=5412, stack(0x000000cc6da00000,0x000000cc6db00000)]
  0x000001cf2691aa30 JavaThread "WorkerExecutor Queue Thread 6" [_thread_blocked, id=1728, stack(0x000000cc6db00000,0x000000cc6dc00000)]
  0x000001cf2691d2b0 JavaThread "WorkerExecutor Queue Thread 7" [_thread_blocked, id=12876, stack(0x000000cc6dc00000,0x000000cc6dd00000)]
  0x000001cf2691a520 JavaThread "WorkerExecutor Queue Thread 8" [_thread_blocked, id=21132, stack(0x000000cc6dd00000,0x000000cc6de00000)]
  0x000001cf2691d7c0 JavaThread "WorkerExecutor Queue Thread 9" [_thread_blocked, id=20272, stack(0x000000cc6de00000,0x000000cc6df00000)]
  0x000001cf1bccb990 JavaThread "WorkerExecutor Queue Thread 10" [_thread_blocked, id=18068, stack(0x000000cc6e000000,0x000000cc6e100000)]
  0x000001cf1bcc9110 JavaThread "WorkerExecutor Queue Thread 11" [_thread_blocked, id=19384, stack(0x000000cc6e100000,0x000000cc6e200000)]
  0x000001cf2b4d02f0 JavaThread "WorkerExecutor Queue Thread 12" [_thread_in_vm, id=13068, stack(0x000000cc6e200000,0x000000cc6e300000)]
  0x000001cf2b4cf3c0 JavaThread "WorkerExecutor Queue Thread 13" [_thread_blocked, id=21620, stack(0x000000cc6e400000,0x000000cc6e500000)]
  0x000001cf2b4cd560 JavaThread "WorkerExecutor Queue Thread 14" [_thread_blocked, id=16780, stack(0x000000cc6e500000,0x000000cc6e600000)]
  0x000001cf2b4ce490 JavaThread "WorkerExecutor Queue Thread 15" [_thread_blocked, id=18600, stack(0x000000cc6e600000,0x000000cc6e700000)]
  0x000001cf2b4ce9a0 JavaThread "WorkerExecutor Queue Thread 16" [_thread_blocked, id=432, stack(0x000000cc6e700000,0x000000cc6e800000)]
  0x000001cf2b4ceeb0 JavaThread "WorkerExecutor Queue Thread 17" [_thread_blocked, id=7608, stack(0x000000cc6e800000,0x000000cc6e900000)]
  0x000001cf2b4cf8d0 JavaThread "WorkerExecutor Queue Thread 18" [_thread_blocked, id=13888, stack(0x000000cc6e900000,0x000000cc6ea00000)]
  0x000001cf2b4cd050 JavaThread "WorkerExecutor Queue Thread 19" [_thread_blocked, id=15176, stack(0x000000cc6ea00000,0x000000cc6eb00000)]
  0x000001cf2b4cda70 JavaThread "WorkerExecutor Queue Thread 20" [_thread_blocked, id=15868, stack(0x000000cc6eb00000,0x000000cc6ec00000)]
  0x000001cf213dd010 JavaThread "Unconstrained build operations Thread 58" [_thread_blocked, id=13540, stack(0x000000cc6ec00000,0x000000cc6ed00000)]
  0x000001cf266599f0 JavaThread "Unconstrained build operations Thread 59" [_thread_blocked, id=7664, stack(0x000000cc6ed00000,0x000000cc6ee00000)]
  0x000001cf2665a920 JavaThread "Unconstrained build operations Thread 60" [_thread_blocked, id=21400, stack(0x000000cc6ee00000,0x000000cc6ef00000)]
  0x000001cf26658fd0 JavaThread "Unconstrained build operations Thread 61" [_thread_blocked, id=21396, stack(0x000000cc6ef00000,0x000000cc6f000000)]
  0x000001cf20b40940 JavaThread "Unconstrained build operations Thread 62" [_thread_blocked, id=21392, stack(0x000000cc6f000000,0x000000cc6f100000)]
  0x000001cf20b40e50 JavaThread "Unconstrained build operations Thread 63" [_thread_blocked, id=16376, stack(0x000000cc6f100000,0x000000cc6f200000)]
  0x000001cf20b41360 JavaThread "Unconstrained build operations Thread 64" [_thread_blocked, id=5052, stack(0x000000cc6f200000,0x000000cc6f300000)]
  0x000001cf2b089450 JavaThread "Unconstrained build operations Thread 65" [_thread_blocked, id=7596, stack(0x000000cc6f300000,0x000000cc6f400000)]
  0x000001cf2b089e70 JavaThread "Unconstrained build operations Thread 66" [_thread_blocked, id=16832, stack(0x000000cc6f400000,0x000000cc6f500000)]
  0x000001cf2b08a380 JavaThread "Unconstrained build operations Thread 67" [_thread_blocked, id=12488, stack(0x000000cc6f500000,0x000000cc6f600000)]
  0x000001cf2b089960 JavaThread "Unconstrained build operations Thread 68" [_thread_blocked, id=16304, stack(0x000000cc6f600000,0x000000cc6f700000)]
  0x000001cf2b088f40 JavaThread "Unconstrained build operations Thread 69" [_thread_blocked, id=21724, stack(0x000000cc6f700000,0x000000cc6f800000)]
  0x000001cf2b088a30 JavaThread "Unconstrained build operations Thread 70" [_thread_blocked, id=17796, stack(0x000000cc6f800000,0x000000cc6f900000)]
  0x000001cf259e8a90 JavaThread "Unconstrained build operations Thread 71" [_thread_blocked, id=4264, stack(0x000000cc6f900000,0x000000cc6fa00000)]
  0x000001cf259e8580 JavaThread "Unconstrained build operations Thread 72" [_thread_blocked, id=14256, stack(0x000000cc6fa00000,0x000000cc6fb00000)]
  0x000001cf259e99c0 JavaThread "Unconstrained build operations Thread 73" [_thread_blocked, id=428, stack(0x000000cc6fb00000,0x000000cc6fc00000)]
  0x000001cf259e8070 JavaThread "Unconstrained build operations Thread 74" [_thread_blocked, id=6540, stack(0x000000cc6fc00000,0x000000cc6fd00000)]
  0x000001cf259e8fa0 JavaThread "Unconstrained build operations Thread 75" [_thread_blocked, id=19640, stack(0x000000cc6fd00000,0x000000cc6fe00000)]
  0x000001cf259e94b0 JavaThread "Unconstrained build operations Thread 76" [_thread_blocked, id=14488, stack(0x000000cc6fe00000,0x000000cc6ff00000)]
  0x000001cf2b195c70 JavaThread "Unconstrained build operations Thread 77" [_thread_blocked, id=15424, stack(0x000000cc6ff00000,0x000000cc70000000)]
  0x000001cf276f5b90 JavaThread "Unconstrained build operations Thread 78" [_thread_blocked, id=12152, stack(0x000000cc70000000,0x000000cc70100000)]
  0x000001cf276f74e0 JavaThread "Unconstrained build operations Thread 79" [_thread_blocked, id=7812, stack(0x000000cc70100000,0x000000cc70200000)]
  0x000001cf276f4240 JavaThread "Unconstrained build operations Thread 80" [_thread_blocked, id=9676, stack(0x000000cc70200000,0x000000cc70300000)]
  0x000001cf276f4750 JavaThread "Unconstrained build operations Thread 81" [_thread_blocked, id=21028, stack(0x000000cc70300000,0x000000cc70400000)]
  0x000001cf276f5170 JavaThread "Unconstrained build operations Thread 82" [_thread_blocked, id=12556, stack(0x000000cc70400000,0x000000cc70500000)]
  0x000001cf276f60a0 JavaThread "Unconstrained build operations Thread 83" [_thread_blocked, id=21056, stack(0x000000cc70500000,0x000000cc70600000)]
  0x000001cf272d34d0 JavaThread "Unconstrained build operations Thread 84" [_thread_blocked, id=20144, stack(0x000000cc70600000,0x000000cc70700000)]
  0x000001cf276aaac0 JavaThread "Unconstrained build operations Thread 85" [_thread_blocked, id=13488, stack(0x000000cc70700000,0x000000cc70800000)]
  0x000001cf276ab4e0 JavaThread "Unconstrained build operations Thread 86" [_thread_blocked, id=18608, stack(0x000000cc70800000,0x000000cc70900000)]
  0x000001cf276a9170 JavaThread "Unconstrained build operations Thread 87" [_thread_blocked, id=6280, stack(0x000000cc70900000,0x000000cc70a00000)]
  0x000001cf276abf00 JavaThread "Unconstrained build operations Thread 88" [_thread_blocked, id=5100, stack(0x000000cc70a00000,0x000000cc70b00000)]
  0x000001cf26692fc0 JavaThread "Unconstrained build operations Thread 89" [_thread_blocked, id=5696, stack(0x000000cc70b00000,0x000000cc70c00000)]
  0x000001cf26694400 JavaThread "Unconstrained build operations Thread 90" [_thread_blocked, id=8656, stack(0x000000cc70c00000,0x000000cc70d00000)]
  0x000001cf26694e20 JavaThread "Unconstrained build operations Thread 91" [_thread_blocked, id=14288, stack(0x000000cc70d00000,0x000000cc70e00000)]
  0x000001cf26695840 JavaThread "Unconstrained build operations Thread 92" [_thread_blocked, id=19532, stack(0x000000cc70e00000,0x000000cc70f00000)]
  0x000001cf26695330 JavaThread "Unconstrained build operations Thread 93" [_thread_blocked, id=2352, stack(0x000000cc70f00000,0x000000cc71000000)]
  0x000001cf276ab9f0 JavaThread "Unconstrained build operations Thread 94" [_thread_blocked, id=9648, stack(0x000000cc71000000,0x000000cc71100000)]
  0x000001cf276ac410 JavaThread "Unconstrained build operations Thread 95" [_thread_blocked, id=11780, stack(0x000000cc71100000,0x000000cc71200000)]
  0x000001cf22b24670 JavaThread "Unconstrained build operations Thread 96" [_thread_blocked, id=10920, stack(0x000000cc71200000,0x000000cc71300000)]
  0x000001cf285123d0 JavaThread "Unconstrained build operations Thread 97" [_thread_blocked, id=13612, stack(0x000000cc71300000,0x000000cc71400000)]
  0x000001cf285128e0 JavaThread "Unconstrained build operations Thread 98" [_thread_blocked, id=4896, stack(0x000000cc71400000,0x000000cc71500000)]
  0x000001cf28513300 JavaThread "Unconstrained build operations Thread 99" [_thread_blocked, id=18960, stack(0x000000cc71500000,0x000000cc71600000)]
  0x000001cf28513810 JavaThread "Unconstrained build operations Thread 100" [_thread_blocked, id=12464, stack(0x000000cc71600000,0x000000cc71700000)]
  0x000001cf29a8f810 JavaThread "Unconstrained build operations Thread 101" [_thread_blocked, id=12928, stack(0x000000cc71700000,0x000000cc71800000)]
  0x000001cf1b680f10 JavaThread "Unconstrained build operations Thread 102" [_thread_blocked, id=18956, stack(0x000000cc71800000,0x000000cc71900000)]
  0x000001cf1b682860 JavaThread "Unconstrained build operations Thread 103" [_thread_blocked, id=5700, stack(0x000000cc71900000,0x000000cc71a00000)]
  0x000001cf1b681420 JavaThread "Unconstrained build operations Thread 104" [_thread_blocked, id=15776, stack(0x000000cc71a00000,0x000000cc71b00000)]
  0x000001cf1b681930 JavaThread "Unconstrained build operations Thread 105" [_thread_blocked, id=20472, stack(0x000000cc71b00000,0x000000cc71c00000)]
  0x000001cf1b67ffe0 JavaThread "Unconstrained build operations Thread 106" [_thread_blocked, id=8520, stack(0x000000cc71c00000,0x000000cc71d00000)]
  0x000001cf1b681e40 JavaThread "Unconstrained build operations Thread 107" [_thread_blocked, id=18372, stack(0x000000cc71d00000,0x000000cc71e00000)]
  0x000001cf1b6804f0 JavaThread "Unconstrained build operations Thread 108" [_thread_blocked, id=4932, stack(0x000000cc71e00000,0x000000cc71f00000)]
  0x000001cf26fa69f0 JavaThread "Unconstrained build operations Thread 109" [_thread_blocked, id=21864, stack(0x000000cc71f00000,0x000000cc72000000)]
  0x000001cf26fa9270 JavaThread "Unconstrained build operations Thread 110" [_thread_blocked, id=19468, stack(0x000000cc72200000,0x000000cc72300000)]
  0x000001cf26fa5ac0 JavaThread "Unconstrained build operations Thread 111" [_thread_blocked, id=17968, stack(0x000000cc72300000,0x000000cc72400000)]
  0x000001cf26fa7410 JavaThread "Unconstrained build operations Thread 112" [_thread_blocked, id=16368, stack(0x000000cc72400000,0x000000cc72500000)]
  0x000001cf26fa7920 JavaThread "Unconstrained build operations Thread 113" [_thread_blocked, id=5628, stack(0x000000cc72500000,0x000000cc72600000)]
  0x000001cf26fa7e30 JavaThread "Unconstrained build operations Thread 114" [_thread_blocked, id=3756, stack(0x000000cc72600000,0x000000cc72700000)]
  0x000001cf26fa8340 JavaThread "Unconstrained build operations Thread 115" [_thread_blocked, id=14196, stack(0x000000cc72700000,0x000000cc72800000)]
  0x000001cf26695d50 JavaThread "Unconstrained build operations Thread 116" [_thread_blocked, id=13924, stack(0x000000cc72800000,0x000000cc72900000)]
  0x000001cf26696260 JavaThread "Unconstrained build operations Thread 117" [_thread_blocked, id=12864, stack(0x000000cc72900000,0x000000cc72a00000)]
  0x000001cf3b581c80 JavaThread "Unconstrained build operations Thread 118" [_thread_blocked, id=456, stack(0x000000cc72a00000,0x000000cc72b00000)]
  0x000001cf3b582190 JavaThread "Unconstrained build operations Thread 119" [_thread_blocked, id=19792, stack(0x000000cc72b00000,0x000000cc72c00000)]
  0x000001cf3b5826a0 JavaThread "Unconstrained build operations Thread 120" [_thread_blocked, id=13252, stack(0x000000cc72c00000,0x000000cc72d00000)]
  0x000001cf3b584500 JavaThread "Unconstrained build operations Thread 121" [_thread_blocked, id=16256, stack(0x000000cc72d00000,0x000000cc72e00000)]
  0x000001cf3b583ae0 JavaThread "Unconstrained build operations Thread 122" [_thread_blocked, id=18188, stack(0x000000cc72e00000,0x000000cc72f00000)]
  0x000001cf3b580d50 JavaThread "Unconstrained build operations Thread 123" [_thread_blocked, id=1840, stack(0x000000cc72f00000,0x000000cc73000000)]
  0x000001cf3b581770 JavaThread "Unconstrained build operations Thread 124" [_thread_blocked, id=21076, stack(0x000000cc73000000,0x000000cc73100000)]
  0x000001cf3b583ff0 JavaThread "Unconstrained build operations Thread 125" [_thread_blocked, id=6844, stack(0x000000cc73100000,0x000000cc73200000)]
  0x000001cf3b581260 JavaThread "Unconstrained build operations Thread 126" [_thread_blocked, id=17812, stack(0x000000cc73200000,0x000000cc73300000)]
  0x000001cf3b582bb0 JavaThread "Unconstrained build operations Thread 127" [_thread_blocked, id=2780, stack(0x000000cc73300000,0x000000cc73400000)]
  0x000001cf3b5830c0 JavaThread "Unconstrained build operations Thread 128" [_thread_blocked, id=7700, stack(0x000000cc73400000,0x000000cc73500000)]
  0x000001cf3b5835d0 JavaThread "Unconstrained build operations Thread 129" [_thread_blocked, id=17716, stack(0x000000cc73500000,0x000000cc73600000)]
  0x000001cf270ae540 JavaThread "Unconstrained build operations Thread 130" [_thread_blocked, id=19584, stack(0x000000cc73600000,0x000000cc73700000)]
  0x000001cf1bae1b40 JavaThread "Unconstrained build operations Thread 131" [_thread_blocked, id=15684, stack(0x000000cc73700000,0x000000cc73800000)]
  0x000001cf1bae1120 JavaThread "Unconstrained build operations Thread 132" [_thread_blocked, id=17012, stack(0x000000cc73800000,0x000000cc73900000)]
  0x000001cf28a884a0 JavaThread "Unconstrained build operations Thread 133" [_thread_blocked, id=12616, stack(0x000000cc73900000,0x000000cc73a00000)]
  0x000001cf28a893d0 JavaThread "Unconstrained build operations Thread 134" [_thread_blocked, id=21412, stack(0x000000cc73a00000,0x000000cc73b00000)]
  0x000001cf2649b040 JavaThread "Unconstrained build operations Thread 135" [_thread_blocked, id=11072, stack(0x000000cc73b00000,0x000000cc73c00000)]
  0x000001cf2649b550 JavaThread "Unconstrained build operations Thread 136" [_thread_blocked, id=9796, stack(0x000000cc73c00000,0x000000cc73d00000)]
  0x000001cf2649c480 JavaThread "Unconstrained build operations Thread 137" [_thread_blocked, id=13048, stack(0x000000cc73d00000,0x000000cc73e00000)]
  0x000001cf2649ba60 JavaThread "Unconstrained build operations Thread 138" [_thread_blocked, id=11024, stack(0x000000cc73e00000,0x000000cc73f00000)]
  0x000001cf2649c990 JavaThread "Unconstrained build operations Thread 139" [_thread_blocked, id=2840, stack(0x000000cc73f00000,0x000000cc74000000)]
  0x000001cf2649d3b0 JavaThread "Unconstrained build operations Thread 140" [_thread_blocked, id=21460, stack(0x000000cc74000000,0x000000cc74100000)]
  0x000001cf2649ddd0 JavaThread "Unconstrained build operations Thread 141" [_thread_blocked, id=11472, stack(0x000000cc74100000,0x000000cc74200000)]
  0x000001cf2649ab30 JavaThread "Unconstrained build operations Thread 142" [_thread_blocked, id=11280, stack(0x000000cc74200000,0x000000cc74300000)]
  0x000001cf2becee80 JavaThread "Unconstrained build operations Thread 143" [_thread_blocked, id=21100, stack(0x000000cc74300000,0x000000cc74400000)]
  0x000001cf2bed0ce0 JavaThread "Unconstrained build operations Thread 144" [_thread_blocked, id=10384, stack(0x000000cc74400000,0x000000cc74500000)]
  0x000001cf276f4c60 JavaThread "Unconstrained build operations Thread 145" [_thread_blocked, id=16664, stack(0x000000cc74500000,0x000000cc74600000)]
  0x000001cf2948c2f0 JavaThread "Unconstrained build operations Thread 146" [_thread_blocked, id=12480, stack(0x000000cc74600000,0x000000cc74700000)]
  0x000001cf2948d730 JavaThread "Unconstrained build operations Thread 147" [_thread_blocked, id=2228, stack(0x000000cc74700000,0x000000cc74800000)]
  0x000001cf2948dc40 JavaThread "Unconstrained build operations Thread 148" [_thread_blocked, id=21980, stack(0x000000cc74800000,0x000000cc74900000)]
  0x000001cf2948e150 JavaThread "Unconstrained build operations Thread 149" [_thread_blocked, id=22192, stack(0x000000cc74900000,0x000000cc74a00000)]
  0x000001cf2948a9a0 JavaThread "Unconstrained build operations Thread 150" [_thread_blocked, id=17920, stack(0x000000cc74a00000,0x000000cc74b00000)]
  0x000001cf2948bde0 JavaThread "Unconstrained build operations Thread 151" [_thread_blocked, id=21756, stack(0x000000cc74b00000,0x000000cc74c00000)]
  0x000001cf2948aeb0 JavaThread "Unconstrained build operations Thread 152" [_thread_blocked, id=14464, stack(0x000000cc74c00000,0x000000cc74d00000)]
  0x000001cf28a898e0 JavaThread "Unconstrained build operations Thread 153" [_thread_blocked, id=4476, stack(0x000000cc74d00000,0x000000cc74e00000)]
  0x000001cf22b23230 JavaThread "WorkerExecutor Queue Thread 21" [_thread_blocked, id=19344, stack(0x000000cc74e00000,0x000000cc74f00000)]

Other Threads:
  0x000001cf1aff1180 VMThread "VM Thread" [stack: 0x000000cc62a00000,0x000000cc62b00000] [id=6252]
  0x000001cf0005ca00 WatcherThread [stack: 0x000000cc63800000,0x000000cc63900000] [id=7384]
  0x000001cf000b6f20 GCTaskThread "GC Thread#0" [stack: 0x000000cc62500000,0x000000cc62600000] [id=10468]
  0x000001cf209250f0 GCTaskThread "GC Thread#1" [stack: 0x000000cc63e00000,0x000000cc63f00000] [id=19492]
  0x000001cf20e3e0d0 GCTaskThread "GC Thread#2" [stack: 0x000000cc63f00000,0x000000cc64000000] [id=5460]
  0x000001cf20c397e0 GCTaskThread "GC Thread#3" [stack: 0x000000cc64000000,0x000000cc64100000] [id=7512]
  0x000001cf2080d1b0 GCTaskThread "GC Thread#4" [stack: 0x000000cc64100000,0x000000cc64200000] [id=2908]
  0x000001cf20106c10 GCTaskThread "GC Thread#5" [stack: 0x000000cc64200000,0x000000cc64300000] [id=9024]
  0x000001cf2092e230 GCTaskThread "GC Thread#6" [stack: 0x000000cc64300000,0x000000cc64400000] [id=16184]
  0x000001cf2092e4f0 GCTaskThread "GC Thread#7" [stack: 0x000000cc64400000,0x000000cc64500000] [id=17964]
  0x000001cf2092df70 GCTaskThread "GC Thread#8" [stack: 0x000000cc64500000,0x000000cc64600000] [id=19952]
  0x000001cf2092d9f0 GCTaskThread "GC Thread#9" [stack: 0x000000cc64600000,0x000000cc64700000] [id=5736]
  0x000001cf2092dcb0 GCTaskThread "GC Thread#10" [stack: 0x000000cc64700000,0x000000cc64800000] [id=11924]
  0x000001cf2092ed30 GCTaskThread "GC Thread#11" [stack: 0x000000cc64800000,0x000000cc64900000] [id=19972]
  0x000001cf2092e7b0 GCTaskThread "GC Thread#12" [stack: 0x000000cc65300000,0x000000cc65400000] [id=1852]
  0x000001cf2092d470 GCTaskThread "GC Thread#13" [stack: 0x000000cc65400000,0x000000cc65500000] [id=12072]
  0x000001cf2092ea70 GCTaskThread "GC Thread#14" [stack: 0x000000cc65500000,0x000000cc65600000] [id=12776]
  0x000001cf17d12010 ConcurrentGCThread "G1 Main Marker" [stack: 0x000000cc62600000,0x000000cc62700000] [id=20140]
  0x000001cf17d131d0 ConcurrentGCThread "G1 Conc#0" [stack: 0x000000cc62700000,0x000000cc62800000] [id=11920]
  0x000001cf2092eff0 ConcurrentGCThread "G1 Conc#1" [stack: 0x000000cc65600000,0x000000cc65700000] [id=12772]
  0x000001cf2092d730 ConcurrentGCThread "G1 Conc#2" [stack: 0x000000cc65700000,0x000000cc65800000] [id=18056]
  0x000001cf20f17a30 ConcurrentGCThread "G1 Conc#3" [stack: 0x000000cc65800000,0x000000cc65900000] [id=12540]
  0x000001cf000fdd00 ConcurrentGCThread "G1 Refine#0" [stack: 0x000000cc62800000,0x000000cc62900000] [id=20028]
  0x000001cf281c4ce0 ConcurrentGCThread "G1 Refine#1" [stack: 0x000000cc66f00000,0x000000cc67000000] [id=11332]
  0x000001cf281c6460 ConcurrentGCThread "G1 Refine#2" [stack: 0x000000cc67600000,0x000000cc67700000] [id=11356]
  0x000001cf281c52c0 ConcurrentGCThread "G1 Refine#3" [stack: 0x000000cc63d00000,0x000000cc63e00000] [id=3780]
  0x000001cf260d0b60 ConcurrentGCThread "G1 Refine#4" [stack: 0x000000cc67f00000,0x000000cc68000000] [id=14776]
  0x000001cf260d0e50 ConcurrentGCThread "G1 Refine#5" [stack: 0x000000cc68000000,0x000000cc68100000] [id=19308]
  0x000001cf260d22e0 ConcurrentGCThread "G1 Refine#6" [stack: 0x000000cc68100000,0x000000cc68200000] [id=9204]
  0x000001cf28514650 ConcurrentGCThread "G1 Refine#7" [stack: 0x000000cc6d500000,0x000000cc6d600000] [id=22520]
  0x000001cf28514070 ConcurrentGCThread "G1 Refine#8" [stack: 0x000000cc6d600000,0x000000cc6d700000] [id=21524]
  0x000001cf28515ae0 ConcurrentGCThread "G1 Refine#9" [stack: 0x000000cc6d700000,0x000000cc6d800000] [id=22080]
  0x000001cf000fe730 ConcurrentGCThread "G1 Service" [stack: 0x000000cc62900000,0x000000cc62a00000] [id=9524]

Threads with active compile tasks:
C2 CompilerThread0   172900 41880       4       org.gradle.internal.snapshot.impl.AbstractValueProcessor::processValue (775 bytes)
C1 CompilerThread0   172900 42446       3       com.android.tools.build.apkzlib.zip.FileUseMapEntry::isFree (13 bytes)
C2 CompilerThread1   172900 42400       4       com.android.tools.build.apkzlib.zip.ZipField::read (85 bytes)
C1 CompilerThread1   172900 42467       3       java.util.TreeMap::getFloorEntry (107 bytes)
C1 CompilerThread2   172900 42423       3       com.android.tools.build.apkzlib.zip.StoredEntry::<init> (364 bytes)
C1 CompilerThread3   172900 42471       3       java.util.TreeMap::fixAfterDeletion (351 bytes)
C2 CompilerThread2   172900 42463       4       com.google.common.primitives.Ints::saturatedCast (25 bytes)
C2 CompilerThread3   172900 42321   !   4       java.util.concurrent.locks.AbstractQueuedSynchronizer::acquire (407 bytes)
C2 CompilerThread4   172900 42235       4       org.gradle.internal.snapshot.AbstractListChildMap::invalidate (72 bytes)
C2 CompilerThread5   172900 42094       4       org.gradle.internal.instantiation.generator.AbstractClassGenerator::inspectType (560 bytes)
C2 CompilerThread6   172900 42387       4       com.android.tools.build.apkzlib.zip.ZipField::checkVerifiesInvariants (70 bytes)
C2 CompilerThread7   172900 42304 %     4       org.gradle.internal.file.FileHierarchySet$Node::plus @ 139 (337 bytes)

VM state: not at safepoint (normal execution)

VM Mutex/Monitor currently owned by a thread:  ([mutex/lock_event])
[0x000001cf00057d10] CompiledIC_lock - owner thread: 0x000001cf1b0443b0

Heap address: 0x0000000080000000, size: 2048 MB, Compressed Oops mode: 32-bit

CDS archive(s) not mapped
Compressed class space mapped at: 0x0000000100000000-0x0000000140000000, reserved size: 1073741824
Narrow klass base: 0x0000000000000000, Narrow klass shift: 3, Narrow klass range: 0x140000000

GC Precious Log:
 CPUs: 20 total, 20 available
 Memory: 32598M
 Large Page Support: Disabled
 NUMA Support: Disabled
 Compressed Oops: Enabled (32-bit)
 Heap Region Size: 1M
 Heap Min Capacity: 8M
 Heap Initial Capacity: 510M
 Heap Max Capacity: 2G
 Pre-touch: Disabled
 Parallel Workers: 15
 Concurrent Workers: 4
 Concurrent Refinement Workers: 15
 Periodic GC: Disabled

Heap:
 garbage-first heap   total 512000K, used 379667K [0x0000000080000000, 0x0000000100000000)
  region size 1024K, 140 young (143360K), 2 survivors (2048K)
 Metaspace       used 219767K, committed 220992K, reserved 1245184K
  class space    used 26739K, committed 27328K, reserved 1048576K

Heap Regions: E=young(eden), S=young(survivor), O=old, HS=humongous(starts), HC=humongous(continues), CS=collection set, F=free, OA=open archive, CA=closed archive, TAMS=top-at-mark-start (previous, next)
|   0|0x0000000080000000, 0x0000000080100000, 0x0000000080100000|100%|HS|  |TAMS 0x0000000080100000, 0x0000000080000000| Complete 
|   1|0x0000000080100000, 0x0000000080200000, 0x0000000080200000|100%|HC|  |TAMS 0x0000000080200000, 0x0000000080100000| Complete 
|   2|0x0000000080200000, 0x0000000080300000, 0x0000000080300000|100%|HC|  |TAMS 0x0000000080300000, 0x0000000080200000| Complete 
|   3|0x0000000080300000, 0x0000000080400000, 0x0000000080400000|100%|HC|  |TAMS 0x0000000080400000, 0x0000000080300000| Complete 
|   4|0x0000000080400000, 0x0000000080500000, 0x0000000080500000|100%| O|  |TAMS 0x0000000080500000, 0x0000000080400000| Untracked 
|   5|0x0000000080500000, 0x0000000080600000, 0x0000000080600000|100%| O|  |TAMS 0x0000000080600000, 0x0000000080500000| Untracked 
|   6|0x0000000080600000, 0x0000000080700000, 0x0000000080700000|100%| O|  |TAMS 0x0000000080700000, 0x0000000080600000| Untracked 
|   7|0x0000000080700000, 0x0000000080800000, 0x0000000080800000|100%| O|  |TAMS 0x0000000080800000, 0x0000000080700000| Untracked 
|   8|0x0000000080800000, 0x0000000080900000, 0x0000000080900000|100%| O|  |TAMS 0x0000000080900000, 0x0000000080800000| Untracked 
|   9|0x0000000080900000, 0x0000000080a00000, 0x0000000080a00000|100%| O|  |TAMS 0x0000000080a00000, 0x0000000080900000| Untracked 
|  10|0x0000000080a00000, 0x0000000080b00000, 0x0000000080b00000|100%| O|  |TAMS 0x0000000080b00000, 0x0000000080a00000| Untracked 
|  11|0x0000000080b00000, 0x0000000080c00000, 0x0000000080c00000|100%| O|  |TAMS 0x0000000080b00000, 0x0000000080b00000| Untracked 
|  12|0x0000000080c00000, 0x0000000080d00000, 0x0000000080d00000|100%| O|  |TAMS 0x0000000080d00000, 0x0000000080c00000| Untracked 
|  13|0x0000000080d00000, 0x0000000080e00000, 0x0000000080e00000|100%| O|  |TAMS 0x0000000080e00000, 0x0000000080d00000| Untracked 
|  14|0x0000000080e00000, 0x0000000080f00000, 0x0000000080f00000|100%| O|  |TAMS 0x0000000080f00000, 0x0000000080e00000| Untracked 
|  15|0x0000000080f00000, 0x0000000081000000, 0x0000000081000000|100%| O|  |TAMS 0x0000000081000000, 0x0000000080f00000| Untracked 
|  16|0x0000000081000000, 0x0000000081100000, 0x0000000081100000|100%| O|  |TAMS 0x0000000081100000, 0x0000000081000000| Untracked 
|  17|0x0000000081100000, 0x0000000081200000, 0x0000000081200000|100%| O|  |TAMS 0x0000000081200000, 0x0000000081100000| Untracked 
|  18|0x0000000081200000, 0x0000000081300000, 0x0000000081300000|100%| O|  |TAMS 0x0000000081300000, 0x0000000081200000| Untracked 
|  19|0x0000000081300000, 0x0000000081400000, 0x0000000081400000|100%|HS|  |TAMS 0x0000000081400000, 0x0000000081300000| Complete 
|  20|0x0000000081400000, 0x0000000081500000, 0x0000000081500000|100%|HC|  |TAMS 0x0000000081500000, 0x0000000081400000| Complete 
|  21|0x0000000081500000, 0x0000000081600000, 0x0000000081600000|100%|HS|  |TAMS 0x0000000081600000, 0x0000000081500000| Complete 
|  22|0x0000000081600000, 0x0000000081700000, 0x0000000081700000|100%|HC|  |TAMS 0x0000000081700000, 0x0000000081600000| Complete 
|  23|0x0000000081700000, 0x0000000081800000, 0x0000000081800000|100%|HC|  |TAMS 0x0000000081800000, 0x0000000081700000| Complete 
|  24|0x0000000081800000, 0x0000000081900000, 0x0000000081900000|100%|HS|  |TAMS 0x0000000081900000, 0x0000000081800000| Complete 
|  25|0x0000000081900000, 0x0000000081a00000, 0x0000000081a00000|100%|HC|  |TAMS 0x0000000081a00000, 0x0000000081900000| Complete 
|  26|0x0000000081a00000, 0x0000000081b00000, 0x0000000081b00000|100%|HC|  |TAMS 0x0000000081b00000, 0x0000000081a00000| Complete 
|  27|0x0000000081b00000, 0x0000000081c00000, 0x0000000081c00000|100%|HS|  |TAMS 0x0000000081c00000, 0x0000000081b00000| Complete 
|  28|0x0000000081c00000, 0x0000000081d00000, 0x0000000081d00000|100%|HC|  |TAMS 0x0000000081d00000, 0x0000000081c00000| Complete 
|  29|0x0000000081d00000, 0x0000000081e00000, 0x0000000081e00000|100%|HC|  |TAMS 0x0000000081e00000, 0x0000000081d00000| Complete 
|  30|0x0000000081e00000, 0x0000000081f00000, 0x0000000081f00000|100%| O|  |TAMS 0x0000000081f00000, 0x0000000081e00000| Untracked 
|  31|0x0000000081f00000, 0x0000000082000000, 0x0000000082000000|100%| O|  |TAMS 0x0000000082000000, 0x0000000081f00000| Untracked 
|  32|0x0000000082000000, 0x0000000082100000, 0x0000000082100000|100%| O|  |TAMS 0x0000000082100000, 0x0000000082000000| Untracked 
|  33|0x0000000082100000, 0x0000000082200000, 0x0000000082200000|100%| O|  |TAMS 0x0000000082200000, 0x0000000082100000| Untracked 
|  34|0x0000000082200000, 0x0000000082300000, 0x0000000082300000|100%| O|  |TAMS 0x0000000082300000, 0x0000000082200000| Untracked 
|  35|0x0000000082300000, 0x0000000082400000, 0x0000000082400000|100%| O|  |TAMS 0x0000000082400000, 0x0000000082300000| Untracked 
|  36|0x0000000082400000, 0x0000000082500000, 0x0000000082500000|100%| O|  |TAMS 0x0000000082500000, 0x0000000082400000| Untracked 
|  37|0x0000000082500000, 0x0000000082600000, 0x0000000082600000|100%| O|  |TAMS 0x0000000082600000, 0x0000000082500000| Untracked 
|  38|0x0000000082600000, 0x0000000082700000, 0x0000000082700000|100%| O|  |TAMS 0x0000000082700000, 0x0000000082600000| Untracked 
|  39|0x0000000082700000, 0x0000000082800000, 0x0000000082800000|100%| O|  |TAMS 0x0000000082800000, 0x0000000082700000| Untracked 
|  40|0x0000000082800000, 0x0000000082900000, 0x0000000082900000|100%| O|  |TAMS 0x0000000082900000, 0x0000000082800000| Untracked 
|  41|0x0000000082900000, 0x0000000082a00000, 0x0000000082a00000|100%| O|  |TAMS 0x0000000082a00000, 0x0000000082900000| Untracked 
|  42|0x0000000082a00000, 0x0000000082b00000, 0x0000000082b00000|100%| O|  |TAMS 0x0000000082b00000, 0x0000000082a00000| Untracked 
|  43|0x0000000082b00000, 0x0000000082c00000, 0x0000000082c00000|100%| O|  |TAMS 0x0000000082c00000, 0x0000000082b00000| Untracked 
|  44|0x0000000082c00000, 0x0000000082d00000, 0x0000000082d00000|100%| O|  |TAMS 0x0000000082d00000, 0x0000000082c00000| Untracked 
|  45|0x0000000082d00000, 0x0000000082e00000, 0x0000000082e00000|100%|HS|  |TAMS 0x0000000082e00000, 0x0000000082d00000| Complete 
|  46|0x0000000082e00000, 0x0000000082f00000, 0x0000000082f00000|100%|HC|  |TAMS 0x0000000082f00000, 0x0000000082e00000| Complete 
|  47|0x0000000082f00000, 0x0000000083000000, 0x0000000083000000|100%|HC|  |TAMS 0x0000000083000000, 0x0000000082f00000| Complete 
|  48|0x0000000083000000, 0x0000000083100000, 0x0000000083100000|100%| O|  |TAMS 0x0000000083100000, 0x0000000083000000| Untracked 
|  49|0x0000000083100000, 0x0000000083200000, 0x0000000083200000|100%| O|  |TAMS 0x0000000083200000, 0x0000000083100000| Untracked 
|  50|0x0000000083200000, 0x0000000083300000, 0x0000000083300000|100%| O|  |TAMS 0x0000000083300000, 0x0000000083200000| Untracked 
|  51|0x0000000083300000, 0x0000000083400000, 0x0000000083400000|100%| O|  |TAMS 0x0000000083400000, 0x0000000083300000| Untracked 
|  52|0x0000000083400000, 0x0000000083500000, 0x0000000083500000|100%| O|  |TAMS 0x0000000083500000, 0x0000000083400000| Untracked 
|  53|0x0000000083500000, 0x0000000083600000, 0x0000000083600000|100%| O|  |TAMS 0x0000000083600000, 0x0000000083500000| Untracked 
|  54|0x0000000083600000, 0x0000000083700000, 0x0000000083700000|100%| O|  |TAMS 0x0000000083700000, 0x0000000083600000| Untracked 
|  55|0x0000000083700000, 0x0000000083800000, 0x0000000083800000|100%| O|  |TAMS 0x0000000083800000, 0x0000000083700000| Untracked 
|  56|0x0000000083800000, 0x00000000838ffff8, 0x0000000083900000| 99%| O|  |TAMS 0x00000000838ffff8, 0x0000000083800000| Untracked 
|  57|0x0000000083900000, 0x0000000083a00000, 0x0000000083a00000|100%| O|  |TAMS 0x0000000083a00000, 0x0000000083900000| Untracked 
|  58|0x0000000083a00000, 0x0000000083b00000, 0x0000000083b00000|100%| O|  |TAMS 0x0000000083b00000, 0x0000000083a00000| Untracked 
|  59|0x0000000083b00000, 0x0000000083c00000, 0x0000000083c00000|100%| O|  |TAMS 0x0000000083c00000, 0x0000000083b00000| Untracked 
|  60|0x0000000083c00000, 0x0000000083d00000, 0x0000000083d00000|100%| O|  |TAMS 0x0000000083d00000, 0x0000000083c00000| Untracked 
|  61|0x0000000083d00000, 0x0000000083e00000, 0x0000000083e00000|100%| O|  |TAMS 0x0000000083e00000, 0x0000000083d00000| Untracked 
|  62|0x0000000083e00000, 0x0000000083f00000, 0x0000000083f00000|100%|HS|  |TAMS 0x0000000083f00000, 0x0000000083e00000| Complete 
|  63|0x0000000083f00000, 0x0000000084000000, 0x0000000084000000|100%| O|  |TAMS 0x0000000084000000, 0x0000000083f00000| Untracked 
|  64|0x0000000084000000, 0x0000000084100000, 0x0000000084100000|100%| O|  |TAMS 0x0000000084100000, 0x0000000084000000| Untracked 
|  65|0x0000000084100000, 0x0000000084200000, 0x0000000084200000|100%| O|  |TAMS 0x0000000084200000, 0x0000000084100000| Untracked 
|  66|0x0000000084200000, 0x0000000084300000, 0x0000000084300000|100%| O|  |TAMS 0x0000000084300000, 0x0000000084200000| Untracked 
|  67|0x0000000084300000, 0x0000000084400000, 0x0000000084400000|100%| O|  |TAMS 0x0000000084400000, 0x0000000084300000| Untracked 
|  68|0x0000000084400000, 0x0000000084500000, 0x0000000084500000|100%| O|  |TAMS 0x0000000084500000, 0x0000000084400000| Untracked 
|  69|0x0000000084500000, 0x0000000084600000, 0x0000000084600000|100%| O|  |TAMS 0x0000000084600000, 0x0000000084500000| Untracked 
|  70|0x0000000084600000, 0x0000000084700000, 0x0000000084700000|100%| O|  |TAMS 0x0000000084700000, 0x0000000084600000| Untracked 
|  71|0x0000000084700000, 0x0000000084800000, 0x0000000084800000|100%| O|  |TAMS 0x0000000084800000, 0x0000000084700000| Untracked 
|  72|0x0000000084800000, 0x0000000084900000, 0x0000000084900000|100%|HS|  |TAMS 0x0000000084900000, 0x0000000084800000| Complete 
|  73|0x0000000084900000, 0x0000000084a00000, 0x0000000084a00000|100%|HC|  |TAMS 0x0000000084a00000, 0x0000000084900000| Complete 
|  74|0x0000000084a00000, 0x0000000084b00000, 0x0000000084b00000|100%|HC|  |TAMS 0x0000000084b00000, 0x0000000084a00000| Complete 
|  75|0x0000000084b00000, 0x0000000084c00000, 0x0000000084c00000|100%|HC|  |TAMS 0x0000000084c00000, 0x0000000084b00000| Complete 
|  76|0x0000000084c00000, 0x0000000084d00000, 0x0000000084d00000|100%| O|  |TAMS 0x0000000084d00000, 0x0000000084c00000| Untracked 
|  77|0x0000000084d00000, 0x0000000084e00000, 0x0000000084e00000|100%| O|  |TAMS 0x0000000084e00000, 0x0000000084d00000| Untracked 
|  78|0x0000000084e00000, 0x0000000084f00000, 0x0000000084f00000|100%| O|  |TAMS 0x0000000084f00000, 0x0000000084e00000| Untracked 
|  79|0x0000000084f00000, 0x0000000085000000, 0x0000000085000000|100%| O|  |TAMS 0x0000000085000000, 0x0000000084f00000| Untracked 
|  80|0x0000000085000000, 0x0000000085100000, 0x0000000085100000|100%| O|  |TAMS 0x0000000085100000, 0x0000000085000000| Untracked 
|  81|0x0000000085100000, 0x0000000085200000, 0x0000000085200000|100%| O|  |TAMS 0x0000000085200000, 0x0000000085100000| Untracked 
|  82|0x0000000085200000, 0x0000000085300000, 0x0000000085300000|100%| O|  |TAMS 0x0000000085300000, 0x0000000085200000| Untracked 
|  83|0x0000000085300000, 0x0000000085400000, 0x0000000085400000|100%| O|  |TAMS 0x0000000085400000, 0x0000000085300000| Untracked 
|  84|0x0000000085400000, 0x0000000085500000, 0x0000000085500000|100%| O|  |TAMS 0x0000000085500000, 0x0000000085400000| Untracked 
|  85|0x0000000085500000, 0x0000000085600000, 0x0000000085600000|100%| O|  |TAMS 0x0000000085600000, 0x0000000085500000| Untracked 
|  86|0x0000000085600000, 0x0000000085700000, 0x0000000085700000|100%| O|  |TAMS 0x0000000085700000, 0x0000000085600000| Untracked 
|  87|0x0000000085700000, 0x0000000085800000, 0x0000000085800000|100%| O|  |TAMS 0x0000000085800000, 0x0000000085700000| Untracked 
|  88|0x0000000085800000, 0x0000000085900000, 0x0000000085900000|100%| O|  |TAMS 0x0000000085900000, 0x0000000085800000| Untracked 
|  89|0x0000000085900000, 0x0000000085a00000, 0x0000000085a00000|100%| O|  |TAMS 0x0000000085a00000, 0x0000000085900000| Untracked 
|  90|0x0000000085a00000, 0x0000000085b00000, 0x0000000085b00000|100%| O|  |TAMS 0x0000000085b00000, 0x0000000085a00000| Untracked 
|  91|0x0000000085b00000, 0x0000000085c00000, 0x0000000085c00000|100%| O|  |TAMS 0x0000000085c00000, 0x0000000085b00000| Untracked 
|  92|0x0000000085c00000, 0x0000000085d00000, 0x0000000085d00000|100%| O|  |TAMS 0x0000000085d00000, 0x0000000085c00000| Untracked 
|  93|0x0000000085d00000, 0x0000000085e00000, 0x0000000085e00000|100%| O|  |TAMS 0x0000000085e00000, 0x0000000085d00000| Untracked 
|  94|0x0000000085e00000, 0x0000000085f00000, 0x0000000085f00000|100%| O|  |TAMS 0x0000000085f00000, 0x0000000085e00000| Untracked 
|  95|0x0000000085f00000, 0x0000000086000000, 0x0000000086000000|100%| O|  |TAMS 0x0000000086000000, 0x0000000085f00000| Untracked 
|  96|0x0000000086000000, 0x0000000086100000, 0x0000000086100000|100%| O|  |TAMS 0x0000000086100000, 0x0000000086000000| Untracked 
|  97|0x0000000086100000, 0x0000000086200000, 0x0000000086200000|100%| O|  |TAMS 0x0000000086200000, 0x0000000086100000| Untracked 
|  98|0x0000000086200000, 0x0000000086300000, 0x0000000086300000|100%| O|  |TAMS 0x0000000086300000, 0x0000000086200000| Untracked 
|  99|0x0000000086300000, 0x0000000086400000, 0x0000000086400000|100%| O|  |TAMS 0x0000000086400000, 0x0000000086300000| Untracked 
| 100|0x0000000086400000, 0x0000000086500000, 0x0000000086500000|100%| O|  |TAMS 0x0000000086500000, 0x0000000086400000| Untracked 
| 101|0x0000000086500000, 0x0000000086600000, 0x0000000086600000|100%| O|  |TAMS 0x0000000086600000, 0x0000000086500000| Untracked 
| 102|0x0000000086600000, 0x0000000086700000, 0x0000000086700000|100%| O|  |TAMS 0x0000000086700000, 0x0000000086600000| Untracked 
| 103|0x0000000086700000, 0x0000000086800000, 0x0000000086800000|100%| O|  |TAMS 0x0000000086800000, 0x0000000086700000| Untracked 
| 104|0x0000000086800000, 0x0000000086900000, 0x0000000086900000|100%| O|  |TAMS 0x0000000086800000, 0x0000000086800000| Untracked 
| 105|0x0000000086900000, 0x0000000086a00000, 0x0000000086a00000|100%| O|  |TAMS 0x0000000086a00000, 0x0000000086900000| Untracked 
| 106|0x0000000086a00000, 0x0000000086b00000, 0x0000000086b00000|100%| O|  |TAMS 0x0000000086b00000, 0x0000000086a00000| Untracked 
| 107|0x0000000086b00000, 0x0000000086c00000, 0x0000000086c00000|100%| O|  |TAMS 0x0000000086c00000, 0x0000000086b00000| Untracked 
| 108|0x0000000086c00000, 0x0000000086d00000, 0x0000000086d00000|100%| O|  |TAMS 0x0000000086d00000, 0x0000000086c00000| Untracked 
| 109|0x0000000086d00000, 0x0000000086e00000, 0x0000000086e00000|100%| O|  |TAMS 0x0000000086e00000, 0x0000000086d00000| Untracked 
| 110|0x0000000086e00000, 0x0000000086f00000, 0x0000000086f00000|100%| O|  |TAMS 0x0000000086f00000, 0x0000000086e00000| Untracked 
| 111|0x0000000086f00000, 0x0000000087000000, 0x0000000087000000|100%| O|  |TAMS 0x0000000087000000, 0x0000000086f00000| Untracked 
| 112|0x0000000087000000, 0x0000000087100000, 0x0000000087100000|100%| O|  |TAMS 0x0000000087100000, 0x0000000087000000| Untracked 
| 113|0x0000000087100000, 0x0000000087200000, 0x0000000087200000|100%| O|  |TAMS 0x0000000087100000, 0x0000000087100000| Untracked 
| 114|0x0000000087200000, 0x0000000087300000, 0x0000000087300000|100%| O|  |TAMS 0x0000000087300000, 0x0000000087200000| Untracked 
| 115|0x0000000087300000, 0x0000000087400000, 0x0000000087400000|100%| O|  |TAMS 0x0000000087300000, 0x0000000087300000| Untracked 
| 116|0x0000000087400000, 0x0000000087500000, 0x0000000087500000|100%| O|  |TAMS 0x0000000087400000, 0x0000000087400000| Untracked 
| 117|0x0000000087500000, 0x0000000087600000, 0x0000000087600000|100%| O|  |TAMS 0x0000000087600000, 0x0000000087500000| Untracked 
| 118|0x0000000087600000, 0x0000000087700000, 0x0000000087700000|100%| O|  |TAMS 0x0000000087700000, 0x0000000087600000| Untracked 
| 119|0x0000000087700000, 0x0000000087700000, 0x0000000087800000|  0%| F|  |TAMS 0x0000000087700000, 0x0000000087700000| Untracked 
| 120|0x0000000087800000, 0x0000000087900000, 0x0000000087900000|100%| O|  |TAMS 0x0000000087900000, 0x0000000087800000| Untracked 
| 121|0x0000000087900000, 0x0000000087a00000, 0x0000000087a00000|100%| O|  |TAMS 0x0000000087a00000, 0x0000000087900000| Untracked 
| 122|0x0000000087a00000, 0x0000000087b00000, 0x0000000087b00000|100%| O|  |TAMS 0x0000000087a00000, 0x0000000087a00000| Untracked 
| 123|0x0000000087b00000, 0x0000000087c00000, 0x0000000087c00000|100%| O|  |TAMS 0x0000000087c00000, 0x0000000087b00000| Untracked 
| 124|0x0000000087c00000, 0x0000000087d00000, 0x0000000087d00000|100%| O|  |TAMS 0x0000000087c00000, 0x0000000087c00000| Untracked 
| 125|0x0000000087d00000, 0x0000000087e00000, 0x0000000087e00000|100%| O|  |TAMS 0x0000000087e00000, 0x0000000087d00000| Untracked 
| 126|0x0000000087e00000, 0x0000000087f00000, 0x0000000087f00000|100%| O|  |TAMS 0x0000000087f00000, 0x0000000087e00000| Untracked 
| 127|0x0000000087f00000, 0x0000000088000000, 0x0000000088000000|100%| O|  |TAMS 0x0000000088000000, 0x0000000087f00000| Untracked 
| 128|0x0000000088000000, 0x0000000088100000, 0x0000000088100000|100%| O|  |TAMS 0x0000000088100000, 0x0000000088000000| Untracked 
| 129|0x0000000088100000, 0x0000000088200000, 0x0000000088200000|100%| O|  |TAMS 0x0000000088200000, 0x0000000088100000| Untracked 
| 130|0x0000000088200000, 0x0000000088300000, 0x0000000088300000|100%|HS|  |TAMS 0x0000000088300000, 0x0000000088200000| Complete 
| 131|0x0000000088300000, 0x0000000088300000, 0x0000000088400000|  0%| F|  |TAMS 0x0000000088300000, 0x0000000088300000| Untracked 
| 132|0x0000000088400000, 0x0000000088400000, 0x0000000088500000|  0%| F|  |TAMS 0x0000000088400000, 0x0000000088400000| Untracked 
| 133|0x0000000088500000, 0x0000000088500000, 0x0000000088600000|  0%| F|  |TAMS 0x0000000088500000, 0x0000000088500000| Untracked 
| 134|0x0000000088600000, 0x0000000088700000, 0x0000000088700000|100%|HS|  |TAMS 0x0000000088700000, 0x0000000088600000| Complete 
| 135|0x0000000088700000, 0x0000000088800000, 0x0000000088800000|100%| O|  |TAMS 0x0000000088800000, 0x0000000088700000| Untracked 
| 136|0x0000000088800000, 0x0000000088900000, 0x0000000088900000|100%|HS|  |TAMS 0x0000000088900000, 0x0000000088800000| Complete 
| 137|0x0000000088900000, 0x0000000088a00000, 0x0000000088a00000|100%| O|  |TAMS 0x0000000088a00000, 0x0000000088900000| Untracked 
| 138|0x0000000088a00000, 0x0000000088b00000, 0x0000000088b00000|100%|HS|  |TAMS 0x0000000088b00000, 0x0000000088a00000| Complete 
| 139|0x0000000088b00000, 0x0000000088c00000, 0x0000000088c00000|100%| O|  |TAMS 0x0000000088c00000, 0x0000000088b00000| Untracked 
| 140|0x0000000088c00000, 0x0000000088d00000, 0x0000000088d00000|100%| O|  |TAMS 0x0000000088d00000, 0x0000000088c00000| Untracked 
| 141|0x0000000088d00000, 0x0000000088e00000, 0x0000000088e00000|100%| O|  |TAMS 0x0000000088e00000, 0x0000000088d00000| Untracked 
| 142|0x0000000088e00000, 0x0000000088f00000, 0x0000000088f00000|100%| O|  |TAMS 0x0000000088f00000, 0x0000000088e00000| Untracked 
| 143|0x0000000088f00000, 0x0000000089000000, 0x0000000089000000|100%| O|  |TAMS 0x0000000089000000, 0x0000000088f00000| Untracked 
| 144|0x0000000089000000, 0x0000000089100000, 0x0000000089100000|100%| O|  |TAMS 0x0000000089100000, 0x0000000089000000| Untracked 
| 145|0x0000000089100000, 0x0000000089200000, 0x0000000089200000|100%| O|  |TAMS 0x0000000089200000, 0x0000000089100000| Untracked 
| 146|0x0000000089200000, 0x0000000089300000, 0x0000000089300000|100%| O|  |TAMS 0x0000000089300000, 0x0000000089200000| Untracked 
| 147|0x0000000089300000, 0x0000000089400000, 0x0000000089400000|100%| O|  |TAMS 0x0000000089400000, 0x0000000089300000| Untracked 
| 148|0x0000000089400000, 0x0000000089500000, 0x0000000089500000|100%| O|  |TAMS 0x0000000089500000, 0x0000000089400000| Untracked 
| 149|0x0000000089500000, 0x0000000089600000, 0x0000000089600000|100%| O|  |TAMS 0x0000000089600000, 0x0000000089500000| Untracked 
| 150|0x0000000089600000, 0x0000000089700000, 0x0000000089700000|100%| O|  |TAMS 0x0000000089700000, 0x0000000089600000| Untracked 
| 151|0x0000000089700000, 0x0000000089800000, 0x0000000089800000|100%|HS|  |TAMS 0x0000000089800000, 0x0000000089700000| Complete 
| 152|0x0000000089800000, 0x0000000089900000, 0x0000000089900000|100%|HC|  |TAMS 0x0000000089900000, 0x0000000089800000| Complete 
| 153|0x0000000089900000, 0x0000000089a00000, 0x0000000089a00000|100%|HS|  |TAMS 0x0000000089a00000, 0x0000000089900000| Complete 
| 154|0x0000000089a00000, 0x0000000089b00000, 0x0000000089b00000|100%|HC|  |TAMS 0x0000000089b00000, 0x0000000089a00000| Complete 
| 155|0x0000000089b00000, 0x0000000089c00000, 0x0000000089c00000|100%|HC|  |TAMS 0x0000000089c00000, 0x0000000089b00000| Complete 
| 156|0x0000000089c00000, 0x0000000089d00000, 0x0000000089d00000|100%|HS|  |TAMS 0x0000000089d00000, 0x0000000089c00000| Complete 
| 157|0x0000000089d00000, 0x0000000089e00000, 0x0000000089e00000|100%|HC|  |TAMS 0x0000000089e00000, 0x0000000089d00000| Complete 
| 158|0x0000000089e00000, 0x0000000089f00000, 0x0000000089f00000|100%|HC|  |TAMS 0x0000000089f00000, 0x0000000089e00000| Complete 
| 159|0x0000000089f00000, 0x000000008a000000, 0x000000008a000000|100%|HS|  |TAMS 0x000000008a000000, 0x0000000089f00000| Complete 
| 160|0x000000008a000000, 0x000000008a100000, 0x000000008a100000|100%|HC|  |TAMS 0x000000008a100000, 0x000000008a000000| Complete 
| 161|0x000000008a100000, 0x000000008a200000, 0x000000008a200000|100%|HC|  |TAMS 0x000000008a200000, 0x000000008a100000| Complete 
| 162|0x000000008a200000, 0x000000008a300000, 0x000000008a300000|100%| O|  |TAMS 0x000000008a300000, 0x000000008a200000| Untracked 
| 163|0x000000008a300000, 0x000000008a400000, 0x000000008a400000|100%| O|  |TAMS 0x000000008a400000, 0x000000008a300000| Untracked 
| 164|0x000000008a400000, 0x000000008a500000, 0x000000008a500000|100%| O|  |TAMS 0x000000008a500000, 0x000000008a400000| Untracked 
| 165|0x000000008a500000, 0x000000008a600000, 0x000000008a600000|100%| O|  |TAMS 0x000000008a600000, 0x000000008a500000| Untracked 
| 166|0x000000008a600000, 0x000000008a700000, 0x000000008a700000|100%| O|  |TAMS 0x000000008a700000, 0x000000008a600000| Untracked 
| 167|0x000000008a700000, 0x000000008a800000, 0x000000008a800000|100%| O|  |TAMS 0x000000008a800000, 0x000000008a700000| Untracked 
| 168|0x000000008a800000, 0x000000008a900000, 0x000000008a900000|100%| O|  |TAMS 0x000000008a900000, 0x000000008a800000| Untracked 
| 169|0x000000008a900000, 0x000000008aa00000, 0x000000008aa00000|100%| O|  |TAMS 0x000000008aa00000, 0x000000008a900000| Untracked 
| 170|0x000000008aa00000, 0x000000008ab00000, 0x000000008ab00000|100%| O|  |TAMS 0x000000008ab00000, 0x000000008aa00000| Untracked 
| 171|0x000000008ab00000, 0x000000008ac00000, 0x000000008ac00000|100%| O|  |TAMS 0x000000008ac00000, 0x000000008ab00000| Untracked 
| 172|0x000000008ac00000, 0x000000008ad00000, 0x000000008ad00000|100%| O|  |TAMS 0x000000008ad00000, 0x000000008ac00000| Untracked 
| 173|0x000000008ad00000, 0x000000008ae00000, 0x000000008ae00000|100%| O|  |TAMS 0x000000008ae00000, 0x000000008ad00000| Untracked 
| 174|0x000000008ae00000, 0x000000008af00000, 0x000000008af00000|100%| O|  |TAMS 0x000000008af00000, 0x000000008ae00000| Untracked 
| 175|0x000000008af00000, 0x000000008b000000, 0x000000008b000000|100%| O|  |TAMS 0x000000008b000000, 0x000000008af00000| Untracked 
| 176|0x000000008b000000, 0x000000008b100000, 0x000000008b100000|100%| O|  |TAMS 0x000000008b100000, 0x000000008b000000| Untracked 
| 177|0x000000008b100000, 0x000000008b200000, 0x000000008b200000|100%| O|  |TAMS 0x000000008b200000, 0x000000008b100000| Untracked 
| 178|0x000000008b200000, 0x000000008b300000, 0x000000008b300000|100%| O|  |TAMS 0x000000008b300000, 0x000000008b200000| Untracked 
| 179|0x000000008b300000, 0x000000008b400000, 0x000000008b400000|100%| O|  |TAMS 0x000000008b400000, 0x000000008b300000| Untracked 
| 180|0x000000008b400000, 0x000000008b500000, 0x000000008b500000|100%| O|  |TAMS 0x000000008b500000, 0x000000008b400000| Untracked 
| 181|0x000000008b500000, 0x000000008b600000, 0x000000008b600000|100%| O|  |TAMS 0x000000008b600000, 0x000000008b500000| Untracked 
| 182|0x000000008b600000, 0x000000008b700000, 0x000000008b700000|100%| O|  |TAMS 0x000000008b700000, 0x000000008b600000| Untracked 
| 183|0x000000008b700000, 0x000000008b800000, 0x000000008b800000|100%| O|  |TAMS 0x000000008b800000, 0x000000008b700000| Untracked 
| 184|0x000000008b800000, 0x000000008b900000, 0x000000008b900000|100%| O|  |TAMS 0x000000008b900000, 0x000000008b800000| Untracked 
| 185|0x000000008b900000, 0x000000008ba00000, 0x000000008ba00000|100%| O|  |TAMS 0x000000008ba00000, 0x000000008b900000| Untracked 
| 186|0x000000008ba00000, 0x000000008bb00000, 0x000000008bb00000|100%| O|  |TAMS 0x000000008bb00000, 0x000000008ba00000| Untracked 
| 187|0x000000008bb00000, 0x000000008bc00000, 0x000000008bc00000|100%| O|  |TAMS 0x000000008bc00000, 0x000000008bb00000| Untracked 
| 188|0x000000008bc00000, 0x000000008bd00000, 0x000000008bd00000|100%| O|  |TAMS 0x000000008bd00000, 0x000000008bc00000| Untracked 
| 189|0x000000008bd00000, 0x000000008be00000, 0x000000008be00000|100%| O|  |TAMS 0x000000008be00000, 0x000000008bd00000| Untracked 
| 190|0x000000008be00000, 0x000000008bf00000, 0x000000008bf00000|100%| O|  |TAMS 0x000000008bf00000, 0x000000008be00000| Untracked 
| 191|0x000000008bf00000, 0x000000008c000000, 0x000000008c000000|100%| O|  |TAMS 0x000000008c000000, 0x000000008bf00000| Untracked 
| 192|0x000000008c000000, 0x000000008c100000, 0x000000008c100000|100%| O|  |TAMS 0x000000008c100000, 0x000000008c000000| Untracked 
| 193|0x000000008c100000, 0x000000008c200000, 0x000000008c200000|100%| O|  |TAMS 0x000000008c200000, 0x000000008c100000| Untracked 
| 194|0x000000008c200000, 0x000000008c300000, 0x000000008c300000|100%| O|  |TAMS 0x000000008c300000, 0x000000008c200000| Untracked 
| 195|0x000000008c300000, 0x000000008c400000, 0x000000008c400000|100%| O|  |TAMS 0x000000008c400000, 0x000000008c300000| Untracked 
| 196|0x000000008c400000, 0x000000008c500000, 0x000000008c500000|100%| O|  |TAMS 0x000000008c500000, 0x000000008c400000| Untracked 
| 197|0x000000008c500000, 0x000000008c600000, 0x000000008c600000|100%| O|  |TAMS 0x000000008c600000, 0x000000008c500000| Untracked 
| 198|0x000000008c600000, 0x000000008c700000, 0x000000008c700000|100%| O|  |TAMS 0x000000008c700000, 0x000000008c600000| Untracked 
| 199|0x000000008c700000, 0x000000008c800000, 0x000000008c800000|100%| O|  |TAMS 0x000000008c800000, 0x000000008c700000| Untracked 
| 200|0x000000008c800000, 0x000000008c900000, 0x000000008c900000|100%| O|  |TAMS 0x000000008c900000, 0x000000008c800000| Untracked 
| 201|0x000000008c900000, 0x000000008ca00000, 0x000000008ca00000|100%| O|  |TAMS 0x000000008ca00000, 0x000000008c900000| Untracked 
| 202|0x000000008ca00000, 0x000000008cb00000, 0x000000008cb00000|100%| O|  |TAMS 0x000000008cb00000, 0x000000008ca00000| Untracked 
| 203|0x000000008cb00000, 0x000000008cc00000, 0x000000008cc00000|100%| O|  |TAMS 0x000000008cc00000, 0x000000008cb00000| Untracked 
| 204|0x000000008cc00000, 0x000000008cd00000, 0x000000008cd00000|100%| O|  |TAMS 0x000000008cd00000, 0x000000008cc00000| Untracked 
| 205|0x000000008cd00000, 0x000000008ce00000, 0x000000008ce00000|100%| O|  |TAMS 0x000000008ce00000, 0x000000008cd00000| Untracked 
| 206|0x000000008ce00000, 0x000000008cf00000, 0x000000008cf00000|100%| O|  |TAMS 0x000000008cf00000, 0x000000008ce00000| Untracked 
| 207|0x000000008cf00000, 0x000000008d000000, 0x000000008d000000|100%| O|  |TAMS 0x000000008d000000, 0x000000008cf00000| Untracked 
| 208|0x000000008d000000, 0x000000008d100000, 0x000000008d100000|100%| O|  |TAMS 0x000000008d100000, 0x000000008d000000| Untracked 
| 209|0x000000008d100000, 0x000000008d200000, 0x000000008d200000|100%| O|  |TAMS 0x000000008d200000, 0x000000008d100000| Untracked 
| 210|0x000000008d200000, 0x000000008d300000, 0x000000008d300000|100%| O|  |TAMS 0x000000008d300000, 0x000000008d200000| Untracked 
| 211|0x000000008d300000, 0x000000008d400000, 0x000000008d400000|100%| O|  |TAMS 0x000000008d400000, 0x000000008d300000| Untracked 
| 212|0x000000008d400000, 0x000000008d500000, 0x000000008d500000|100%| O|  |TAMS 0x000000008d500000, 0x000000008d400000| Untracked 
| 213|0x000000008d500000, 0x000000008d600000, 0x000000008d600000|100%| O|  |TAMS 0x000000008d600000, 0x000000008d500000| Untracked 
| 214|0x000000008d600000, 0x000000008d700000, 0x000000008d700000|100%| O|  |TAMS 0x000000008d700000, 0x000000008d600000| Untracked 
| 215|0x000000008d700000, 0x000000008d800000, 0x000000008d800000|100%| O|  |TAMS 0x000000008d800000, 0x000000008d700000| Untracked 
| 216|0x000000008d800000, 0x000000008d900000, 0x000000008d900000|100%| O|  |TAMS 0x000000008d900000, 0x000000008d800000| Untracked 
| 217|0x000000008d900000, 0x000000008da00000, 0x000000008da00000|100%| O|  |TAMS 0x000000008da00000, 0x000000008d900000| Untracked 
| 218|0x000000008da00000, 0x000000008db00000, 0x000000008db00000|100%| O|  |TAMS 0x000000008db00000, 0x000000008da00000| Untracked 
| 219|0x000000008db00000, 0x000000008dc00000, 0x000000008dc00000|100%| O|  |TAMS 0x000000008dc00000, 0x000000008db00000| Untracked 
| 220|0x000000008dc00000, 0x000000008dd00000, 0x000000008dd00000|100%| O|  |TAMS 0x000000008dc00000, 0x000000008dc00000| Untracked 
| 221|0x000000008dd00000, 0x000000008de00000, 0x000000008de00000|100%| O|  |TAMS 0x000000008dd00000, 0x000000008dd00000| Untracked 
| 222|0x000000008de00000, 0x000000008df00000, 0x000000008df00000|100%| O|  |TAMS 0x000000008df00000, 0x000000008de00000| Untracked 
| 223|0x000000008df00000, 0x000000008e000000, 0x000000008e000000|100%| O|  |TAMS 0x000000008e000000, 0x000000008df00000| Untracked 
| 224|0x000000008e000000, 0x000000008e100000, 0x000000008e100000|100%| O|  |TAMS 0x000000008e100000, 0x000000008e000000| Untracked 
| 225|0x000000008e100000, 0x000000008e200000, 0x000000008e200000|100%| O|  |TAMS 0x000000008e200000, 0x000000008e100000| Untracked 
| 226|0x000000008e200000, 0x000000008e200000, 0x000000008e300000|  0%| F|  |TAMS 0x000000008e200000, 0x000000008e200000| Untracked 
| 227|0x000000008e300000, 0x000000008e400000, 0x000000008e400000|100%| O|  |TAMS 0x000000008e400000, 0x000000008e300000| Untracked 
| 228|0x000000008e400000, 0x000000008e500000, 0x000000008e500000|100%| O|  |TAMS 0x000000008e500000, 0x000000008e400000| Untracked 
| 229|0x000000008e500000, 0x000000008e500000, 0x000000008e600000|  0%| F|  |TAMS 0x000000008e500000, 0x000000008e500000| Untracked 
| 230|0x000000008e600000, 0x000000008e600000, 0x000000008e700000|  0%| F|  |TAMS 0x000000008e600000, 0x000000008e600000| Untracked 
| 231|0x000000008e700000, 0x000000008e700000, 0x000000008e800000|  0%| F|  |TAMS 0x000000008e700000, 0x000000008e700000| Untracked 
| 232|0x000000008e800000, 0x000000008e800000, 0x000000008e900000|  0%| F|  |TAMS 0x000000008e800000, 0x000000008e800000| Untracked 
| 233|0x000000008e900000, 0x000000008e900000, 0x000000008ea00000|  0%| F|  |TAMS 0x000000008e900000, 0x000000008e900000| Untracked 
| 234|0x000000008ea00000, 0x000000008ea00000, 0x000000008eb00000|  0%| F|  |TAMS 0x000000008ea00000, 0x000000008ea00000| Untracked 
| 235|0x000000008eb00000, 0x000000008eb00000, 0x000000008ec00000|  0%| F|  |TAMS 0x000000008eb00000, 0x000000008eb00000| Untracked 
| 236|0x000000008ec00000, 0x000000008ec00000, 0x000000008ed00000|  0%| F|  |TAMS 0x000000008ec00000, 0x000000008ec00000| Untracked 
| 237|0x000000008ed00000, 0x000000008ed00000, 0x000000008ee00000|  0%| F|  |TAMS 0x000000008ed00000, 0x000000008ed00000| Untracked 
| 238|0x000000008ee00000, 0x000000008ee00000, 0x000000008ef00000|  0%| F|  |TAMS 0x000000008ee00000, 0x000000008ee00000| Untracked 
| 239|0x000000008ef00000, 0x000000008ef00000, 0x000000008f000000|  0%| F|  |TAMS 0x000000008ef00000, 0x000000008ef00000| Untracked 
| 240|0x000000008f000000, 0x000000008f000000, 0x000000008f100000|  0%| F|  |TAMS 0x000000008f000000, 0x000000008f000000| Untracked 
| 241|0x000000008f100000, 0x000000008f100000, 0x000000008f200000|  0%| F|  |TAMS 0x000000008f100000, 0x000000008f100000| Untracked 
| 242|0x000000008f200000, 0x000000008f300000, 0x000000008f300000|100%| O|  |TAMS 0x000000008f23ae00, 0x000000008f200000| Untracked 
| 243|0x000000008f300000, 0x000000008f400000, 0x000000008f400000|100%| O|  |TAMS 0x000000008f300000, 0x000000008f300000| Untracked 
| 244|0x000000008f400000, 0x000000008f406000, 0x000000008f500000|  2%| O|  |TAMS 0x000000008f400000, 0x000000008f400000| Untracked 
| 245|0x000000008f500000, 0x000000008f500000, 0x000000008f600000|  0%| F|  |TAMS 0x000000008f500000, 0x000000008f500000| Untracked 
| 246|0x000000008f600000, 0x000000008f600000, 0x000000008f700000|  0%| F|  |TAMS 0x000000008f600000, 0x000000008f600000| Untracked 
| 247|0x000000008f700000, 0x000000008f800000, 0x000000008f800000|100%| O|  |TAMS 0x000000008f800000, 0x000000008f700000| Untracked 
| 248|0x000000008f800000, 0x000000008f900000, 0x000000008f900000|100%| O|  |TAMS 0x000000008f900000, 0x000000008f800000| Untracked 
| 249|0x000000008f900000, 0x000000008fa00000, 0x000000008fa00000|100%| O|  |TAMS 0x000000008fa00000, 0x000000008f900000| Untracked 
| 250|0x000000008fa00000, 0x000000008fb00000, 0x000000008fb00000|100%| O|  |TAMS 0x000000008fb00000, 0x000000008fa00000| Untracked 
| 251|0x000000008fb00000, 0x000000008fc00000, 0x000000008fc00000|100%| O|  |TAMS 0x000000008fc00000, 0x000000008fb00000| Untracked 
| 252|0x000000008fc00000, 0x000000008fd00000, 0x000000008fd00000|100%| O|  |TAMS 0x000000008fd00000, 0x000000008fc00000| Untracked 
| 253|0x000000008fd00000, 0x000000008fe00000, 0x000000008fe00000|100%| O|  |TAMS 0x000000008fe00000, 0x000000008fd00000| Untracked 
| 254|0x000000008fe00000, 0x000000008fe00000, 0x000000008ff00000|  0%| F|  |TAMS 0x000000008fe00000, 0x000000008fe00000| Untracked 
| 255|0x000000008ff00000, 0x000000008ff00000, 0x0000000090000000|  0%| F|  |TAMS 0x000000008ff00000, 0x000000008ff00000| Untracked 
| 256|0x0000000090000000, 0x0000000090000000, 0x0000000090100000|  0%| F|  |TAMS 0x0000000090000000, 0x0000000090000000| Untracked 
| 257|0x0000000090100000, 0x0000000090100000, 0x0000000090200000|  0%| F|  |TAMS 0x0000000090100000, 0x0000000090100000| Untracked 
| 258|0x0000000090200000, 0x0000000090200000, 0x0000000090300000|  0%| F|  |TAMS 0x0000000090200000, 0x0000000090200000| Untracked 
| 259|0x0000000090300000, 0x0000000090300000, 0x0000000090400000|  0%| F|  |TAMS 0x0000000090300000, 0x0000000090300000| Untracked 
| 260|0x0000000090400000, 0x0000000090400000, 0x0000000090500000|  0%| F|  |TAMS 0x0000000090400000, 0x0000000090400000| Untracked 
| 261|0x0000000090500000, 0x0000000090500000, 0x0000000090600000|  0%| F|  |TAMS 0x0000000090500000, 0x0000000090500000| Untracked 
| 262|0x0000000090600000, 0x0000000090600000, 0x0000000090700000|  0%| F|  |TAMS 0x0000000090600000, 0x0000000090600000| Untracked 
| 263|0x0000000090700000, 0x0000000090700000, 0x0000000090800000|  0%| F|  |TAMS 0x0000000090700000, 0x0000000090700000| Untracked 
| 264|0x0000000090800000, 0x0000000090800000, 0x0000000090900000|  0%| F|  |TAMS 0x0000000090800000, 0x0000000090800000| Untracked 
| 265|0x0000000090900000, 0x0000000090900000, 0x0000000090a00000|  0%| F|  |TAMS 0x0000000090900000, 0x0000000090900000| Untracked 
| 266|0x0000000090a00000, 0x0000000090a00000, 0x0000000090b00000|  0%| F|  |TAMS 0x0000000090a00000, 0x0000000090a00000| Untracked 
| 267|0x0000000090b00000, 0x0000000090b00000, 0x0000000090c00000|  0%| F|  |TAMS 0x0000000090b00000, 0x0000000090b00000| Untracked 
| 268|0x0000000090c00000, 0x0000000090c00000, 0x0000000090d00000|  0%| F|  |TAMS 0x0000000090c00000, 0x0000000090c00000| Untracked 
| 269|0x0000000090d00000, 0x0000000090d00000, 0x0000000090e00000|  0%| F|  |TAMS 0x0000000090d00000, 0x0000000090d00000| Untracked 
| 270|0x0000000090e00000, 0x0000000090e00000, 0x0000000090f00000|  0%| F|  |TAMS 0x0000000090e00000, 0x0000000090e00000| Untracked 
| 271|0x0000000090f00000, 0x0000000090f00000, 0x0000000091000000|  0%| F|  |TAMS 0x0000000090f00000, 0x0000000090f00000| Untracked 
| 272|0x0000000091000000, 0x0000000091000000, 0x0000000091100000|  0%| F|  |TAMS 0x0000000091000000, 0x0000000091000000| Untracked 
| 273|0x0000000091100000, 0x0000000091100000, 0x0000000091200000|  0%| F|  |TAMS 0x0000000091100000, 0x0000000091100000| Untracked 
| 274|0x0000000091200000, 0x0000000091200000, 0x0000000091300000|  0%| F|  |TAMS 0x0000000091200000, 0x0000000091200000| Untracked 
| 275|0x0000000091300000, 0x0000000091300000, 0x0000000091400000|  0%| F|  |TAMS 0x0000000091300000, 0x0000000091300000| Untracked 
| 276|0x0000000091400000, 0x0000000091400000, 0x0000000091500000|  0%| F|  |TAMS 0x0000000091400000, 0x0000000091400000| Untracked 
| 277|0x0000000091500000, 0x0000000091500000, 0x0000000091600000|  0%| F|  |TAMS 0x0000000091500000, 0x0000000091500000| Untracked 
| 278|0x0000000091600000, 0x0000000091600000, 0x0000000091700000|  0%| F|  |TAMS 0x0000000091600000, 0x0000000091600000| Untracked 
| 279|0x0000000091700000, 0x0000000091700000, 0x0000000091800000|  0%| F|  |TAMS 0x0000000091700000, 0x0000000091700000| Untracked 
| 280|0x0000000091800000, 0x0000000091800000, 0x0000000091900000|  0%| F|  |TAMS 0x0000000091800000, 0x0000000091800000| Untracked 
| 281|0x0000000091900000, 0x0000000091900000, 0x0000000091a00000|  0%| F|  |TAMS 0x0000000091900000, 0x0000000091900000| Untracked 
| 282|0x0000000091a00000, 0x0000000091a00000, 0x0000000091b00000|  0%| F|  |TAMS 0x0000000091a00000, 0x0000000091a00000| Untracked 
| 283|0x0000000091b00000, 0x0000000091b00000, 0x0000000091c00000|  0%| F|  |TAMS 0x0000000091b00000, 0x0000000091b00000| Untracked 
| 284|0x0000000091c00000, 0x0000000091c00000, 0x0000000091d00000|  0%| F|  |TAMS 0x0000000091c00000, 0x0000000091c00000| Untracked 
| 285|0x0000000091d00000, 0x0000000091d00000, 0x0000000091e00000|  0%| F|  |TAMS 0x0000000091d00000, 0x0000000091d00000| Untracked 
| 286|0x0000000091e00000, 0x0000000091e00000, 0x0000000091f00000|  0%| F|  |TAMS 0x0000000091e00000, 0x0000000091e00000| Untracked 
| 287|0x0000000091f00000, 0x0000000091f00000, 0x0000000092000000|  0%| F|  |TAMS 0x0000000091f00000, 0x0000000091f00000| Untracked 
| 288|0x0000000092000000, 0x0000000092000000, 0x0000000092100000|  0%| F|  |TAMS 0x0000000092000000, 0x0000000092000000| Untracked 
| 289|0x0000000092100000, 0x0000000092100000, 0x0000000092200000|  0%| F|  |TAMS 0x0000000092100000, 0x0000000092100000| Untracked 
| 290|0x0000000092200000, 0x0000000092200000, 0x0000000092300000|  0%| F|  |TAMS 0x0000000092200000, 0x0000000092200000| Untracked 
| 291|0x0000000092300000, 0x0000000092300000, 0x0000000092400000|  0%| F|  |TAMS 0x0000000092300000, 0x0000000092300000| Untracked 
| 292|0x0000000092400000, 0x0000000092400000, 0x0000000092500000|  0%| F|  |TAMS 0x0000000092400000, 0x0000000092400000| Untracked 
| 293|0x0000000092500000, 0x0000000092500000, 0x0000000092600000|  0%| F|  |TAMS 0x0000000092500000, 0x0000000092500000| Untracked 
| 294|0x0000000092600000, 0x0000000092600000, 0x0000000092700000|  0%| F|  |TAMS 0x0000000092600000, 0x0000000092600000| Untracked 
| 295|0x0000000092700000, 0x0000000092700000, 0x0000000092800000|  0%| F|  |TAMS 0x0000000092700000, 0x0000000092700000| Untracked 
| 296|0x0000000092800000, 0x0000000092800000, 0x0000000092900000|  0%| F|  |TAMS 0x0000000092800000, 0x0000000092800000| Untracked 
| 297|0x0000000092900000, 0x0000000092900000, 0x0000000092a00000|  0%| F|  |TAMS 0x0000000092900000, 0x0000000092900000| Untracked 
| 298|0x0000000092a00000, 0x0000000092a00000, 0x0000000092b00000|  0%| F|  |TAMS 0x0000000092a00000, 0x0000000092a00000| Untracked 
| 299|0x0000000092b00000, 0x0000000092b00000, 0x0000000092c00000|  0%| F|  |TAMS 0x0000000092b00000, 0x0000000092b00000| Untracked 
| 300|0x0000000092c00000, 0x0000000092c00000, 0x0000000092d00000|  0%| F|  |TAMS 0x0000000092c00000, 0x0000000092c00000| Untracked 
| 301|0x0000000092d00000, 0x0000000092d00000, 0x0000000092e00000|  0%| F|  |TAMS 0x0000000092d00000, 0x0000000092d00000| Untracked 
| 302|0x0000000092e00000, 0x0000000092e00000, 0x0000000092f00000|  0%| F|  |TAMS 0x0000000092e00000, 0x0000000092e00000| Untracked 
| 303|0x0000000092f00000, 0x0000000092f00000, 0x0000000093000000|  0%| F|  |TAMS 0x0000000092f00000, 0x0000000092f00000| Untracked 
| 304|0x0000000093000000, 0x0000000093000000, 0x0000000093100000|  0%| F|  |TAMS 0x0000000093000000, 0x0000000093000000| Untracked 
| 305|0x0000000093100000, 0x0000000093100000, 0x0000000093200000|  0%| F|  |TAMS 0x0000000093100000, 0x0000000093100000| Untracked 
| 306|0x0000000093200000, 0x0000000093200000, 0x0000000093300000|  0%| F|  |TAMS 0x0000000093200000, 0x0000000093200000| Untracked 
| 307|0x0000000093300000, 0x0000000093300000, 0x0000000093400000|  0%| F|  |TAMS 0x0000000093300000, 0x0000000093300000| Untracked 
| 308|0x0000000093400000, 0x0000000093400000, 0x0000000093500000|  0%| F|  |TAMS 0x0000000093400000, 0x0000000093400000| Untracked 
| 309|0x0000000093500000, 0x0000000093500000, 0x0000000093600000|  0%| F|  |TAMS 0x0000000093500000, 0x0000000093500000| Untracked 
| 310|0x0000000093600000, 0x0000000093600000, 0x0000000093700000|  0%| F|  |TAMS 0x0000000093600000, 0x0000000093600000| Untracked 
| 311|0x0000000093700000, 0x0000000093700000, 0x0000000093800000|  0%| F|  |TAMS 0x0000000093700000, 0x0000000093700000| Untracked 
| 312|0x0000000093800000, 0x0000000093800000, 0x0000000093900000|  0%| F|  |TAMS 0x0000000093800000, 0x0000000093800000| Untracked 
| 313|0x0000000093900000, 0x0000000093900000, 0x0000000093a00000|  0%| F|  |TAMS 0x0000000093900000, 0x0000000093900000| Untracked 
| 314|0x0000000093a00000, 0x0000000093a00000, 0x0000000093b00000|  0%| F|  |TAMS 0x0000000093a00000, 0x0000000093a00000| Untracked 
| 315|0x0000000093b00000, 0x0000000093b00000, 0x0000000093c00000|  0%| F|  |TAMS 0x0000000093b00000, 0x0000000093b00000| Untracked 
| 316|0x0000000093c00000, 0x0000000093c00000, 0x0000000093d00000|  0%| F|  |TAMS 0x0000000093c00000, 0x0000000093c00000| Untracked 
| 317|0x0000000093d00000, 0x0000000093d00000, 0x0000000093e00000|  0%| F|  |TAMS 0x0000000093d00000, 0x0000000093d00000| Untracked 
| 318|0x0000000093e00000, 0x0000000093e00000, 0x0000000093f00000|  0%| F|  |TAMS 0x0000000093e00000, 0x0000000093e00000| Untracked 
| 319|0x0000000093f00000, 0x0000000093f00000, 0x0000000094000000|  0%| F|  |TAMS 0x0000000093f00000, 0x0000000093f00000| Untracked 
| 320|0x0000000094000000, 0x0000000094000000, 0x0000000094100000|  0%| F|  |TAMS 0x0000000094000000, 0x0000000094000000| Untracked 
| 321|0x0000000094100000, 0x0000000094100000, 0x0000000094200000|  0%| F|  |TAMS 0x0000000094100000, 0x0000000094100000| Untracked 
| 322|0x0000000094200000, 0x0000000094200000, 0x0000000094300000|  0%| F|  |TAMS 0x0000000094200000, 0x0000000094200000| Untracked 
| 323|0x0000000094300000, 0x0000000094300000, 0x0000000094400000|  0%| F|  |TAMS 0x0000000094300000, 0x0000000094300000| Untracked 
| 324|0x0000000094400000, 0x0000000094400000, 0x0000000094500000|  0%| F|  |TAMS 0x0000000094400000, 0x0000000094400000| Untracked 
| 325|0x0000000094500000, 0x0000000094500000, 0x0000000094600000|  0%| F|  |TAMS 0x0000000094500000, 0x0000000094500000| Untracked 
| 326|0x0000000094600000, 0x0000000094600000, 0x0000000094700000|  0%| F|  |TAMS 0x0000000094600000, 0x0000000094600000| Untracked 
| 327|0x0000000094700000, 0x0000000094700000, 0x0000000094800000|  0%| F|  |TAMS 0x0000000094700000, 0x0000000094700000| Untracked 
| 328|0x0000000094800000, 0x0000000094800000, 0x0000000094900000|  0%| F|  |TAMS 0x0000000094800000, 0x0000000094800000| Untracked 
| 329|0x0000000094900000, 0x0000000094900000, 0x0000000094a00000|  0%| F|  |TAMS 0x0000000094900000, 0x0000000094900000| Untracked 
| 330|0x0000000094a00000, 0x0000000094a00000, 0x0000000094b00000|  0%| F|  |TAMS 0x0000000094a00000, 0x0000000094a00000| Untracked 
| 331|0x0000000094b00000, 0x0000000094b00000, 0x0000000094c00000|  0%| F|  |TAMS 0x0000000094b00000, 0x0000000094b00000| Untracked 
| 332|0x0000000094c00000, 0x0000000094c00000, 0x0000000094d00000|  0%| F|  |TAMS 0x0000000094c00000, 0x0000000094c00000| Untracked 
| 333|0x0000000094d00000, 0x0000000094d00000, 0x0000000094e00000|  0%| F|  |TAMS 0x0000000094d00000, 0x0000000094d00000| Untracked 
| 334|0x0000000094e00000, 0x0000000094e00000, 0x0000000094f00000|  0%| F|  |TAMS 0x0000000094e00000, 0x0000000094e00000| Untracked 
| 335|0x0000000094f00000, 0x0000000094fbed20, 0x0000000095000000| 74%| S|CS|TAMS 0x0000000094f00000, 0x0000000094f00000| Complete 
| 336|0x0000000095000000, 0x0000000095100000, 0x0000000095100000|100%| S|CS|TAMS 0x0000000095000000, 0x0000000095000000| Complete 
| 337|0x0000000095100000, 0x0000000095100000, 0x0000000095200000|  0%| F|  |TAMS 0x0000000095100000, 0x0000000095100000| Untracked 
| 338|0x0000000095200000, 0x0000000095200000, 0x0000000095300000|  0%| F|  |TAMS 0x0000000095200000, 0x0000000095200000| Untracked 
| 339|0x0000000095300000, 0x0000000095300000, 0x0000000095400000|  0%| F|  |TAMS 0x0000000095300000, 0x0000000095300000| Untracked 
| 340|0x0000000095400000, 0x0000000095400000, 0x0000000095500000|  0%| F|  |TAMS 0x0000000095400000, 0x0000000095400000| Untracked 
| 341|0x0000000095500000, 0x0000000095500000, 0x0000000095600000|  0%| F|  |TAMS 0x0000000095500000, 0x0000000095500000| Untracked 
| 342|0x0000000095600000, 0x0000000095600000, 0x0000000095700000|  0%| F|  |TAMS 0x0000000095600000, 0x0000000095600000| Untracked 
| 343|0x0000000095700000, 0x0000000095700000, 0x0000000095800000|  0%| F|  |TAMS 0x0000000095700000, 0x0000000095700000| Untracked 
| 344|0x0000000095800000, 0x0000000095800000, 0x0000000095900000|  0%| F|  |TAMS 0x0000000095800000, 0x0000000095800000| Untracked 
| 345|0x0000000095900000, 0x0000000095900000, 0x0000000095a00000|  0%| F|  |TAMS 0x0000000095900000, 0x0000000095900000| Untracked 
| 346|0x0000000095a00000, 0x0000000095a00000, 0x0000000095b00000|  0%| F|  |TAMS 0x0000000095a00000, 0x0000000095a00000| Untracked 
| 347|0x0000000095b00000, 0x0000000095b00000, 0x0000000095c00000|  0%| F|  |TAMS 0x0000000095b00000, 0x0000000095b00000| Untracked 
| 348|0x0000000095c00000, 0x0000000095c00000, 0x0000000095d00000|  0%| F|  |TAMS 0x0000000095c00000, 0x0000000095c00000| Untracked 
| 349|0x0000000095d00000, 0x0000000095d00000, 0x0000000095e00000|  0%| F|  |TAMS 0x0000000095d00000, 0x0000000095d00000| Untracked 
| 350|0x0000000095e00000, 0x0000000095e00000, 0x0000000095f00000|  0%| F|  |TAMS 0x0000000095e00000, 0x0000000095e00000| Untracked 
| 351|0x0000000095f00000, 0x0000000095f00000, 0x0000000096000000|  0%| F|  |TAMS 0x0000000095f00000, 0x0000000095f00000| Untracked 
| 352|0x0000000096000000, 0x0000000096000000, 0x0000000096100000|  0%| F|  |TAMS 0x0000000096000000, 0x0000000096000000| Untracked 
| 353|0x0000000096100000, 0x0000000096100000, 0x0000000096200000|  0%| F|  |TAMS 0x0000000096100000, 0x0000000096100000| Untracked 
| 354|0x0000000096200000, 0x0000000096200000, 0x0000000096300000|  0%| F|  |TAMS 0x0000000096200000, 0x0000000096200000| Untracked 
| 355|0x0000000096300000, 0x0000000096300000, 0x0000000096400000|  0%| F|  |TAMS 0x0000000096300000, 0x0000000096300000| Untracked 
| 356|0x0000000096400000, 0x0000000096400000, 0x0000000096500000|  0%| F|  |TAMS 0x0000000096400000, 0x0000000096400000| Untracked 
| 357|0x0000000096500000, 0x0000000096500000, 0x0000000096600000|  0%| F|  |TAMS 0x0000000096500000, 0x0000000096500000| Untracked 
| 358|0x0000000096600000, 0x0000000096600000, 0x0000000096700000|  0%| F|  |TAMS 0x0000000096600000, 0x0000000096600000| Untracked 
| 359|0x0000000096700000, 0x00000000967f9908, 0x0000000096800000| 97%| E|  |TAMS 0x0000000096700000, 0x0000000096700000| Complete 
| 360|0x0000000096800000, 0x0000000096900000, 0x0000000096900000|100%| E|CS|TAMS 0x0000000096800000, 0x0000000096800000| Complete 
| 361|0x0000000096900000, 0x0000000096a00000, 0x0000000096a00000|100%| E|  |TAMS 0x0000000096900000, 0x0000000096900000| Complete 
| 362|0x0000000096a00000, 0x0000000096b00000, 0x0000000096b00000|100%| E|CS|TAMS 0x0000000096a00000, 0x0000000096a00000| Complete 
| 363|0x0000000096b00000, 0x0000000096c00000, 0x0000000096c00000|100%| E|CS|TAMS 0x0000000096b00000, 0x0000000096b00000| Complete 
| 364|0x0000000096c00000, 0x0000000096d00000, 0x0000000096d00000|100%| E|CS|TAMS 0x0000000096c00000, 0x0000000096c00000| Complete 
| 365|0x0000000096d00000, 0x0000000096e00000, 0x0000000096e00000|100%| E|CS|TAMS 0x0000000096d00000, 0x0000000096d00000| Complete 
| 366|0x0000000096e00000, 0x0000000096f00000, 0x0000000096f00000|100%| E|CS|TAMS 0x0000000096e00000, 0x0000000096e00000| Complete 
| 367|0x0000000096f00000, 0x0000000097000000, 0x0000000097000000|100%| E|CS|TAMS 0x0000000096f00000, 0x0000000096f00000| Complete 
| 368|0x0000000097000000, 0x0000000097100000, 0x0000000097100000|100%| E|CS|TAMS 0x0000000097000000, 0x0000000097000000| Complete 
| 369|0x0000000097100000, 0x0000000097200000, 0x0000000097200000|100%| E|CS|TAMS 0x0000000097100000, 0x0000000097100000| Complete 
| 370|0x0000000097200000, 0x0000000097300000, 0x0000000097300000|100%| E|CS|TAMS 0x0000000097200000, 0x0000000097200000| Complete 
| 371|0x0000000097300000, 0x0000000097400000, 0x0000000097400000|100%| E|CS|TAMS 0x0000000097300000, 0x0000000097300000| Complete 
| 372|0x0000000097400000, 0x0000000097500000, 0x0000000097500000|100%| E|CS|TAMS 0x0000000097400000, 0x0000000097400000| Complete 
| 373|0x0000000097500000, 0x0000000097600000, 0x0000000097600000|100%| E|CS|TAMS 0x0000000097500000, 0x0000000097500000| Complete 
| 374|0x0000000097600000, 0x0000000097700000, 0x0000000097700000|100%| E|CS|TAMS 0x0000000097600000, 0x0000000097600000| Complete 
| 375|0x0000000097700000, 0x0000000097800000, 0x0000000097800000|100%| E|CS|TAMS 0x0000000097700000, 0x0000000097700000| Complete 
| 376|0x0000000097800000, 0x0000000097900000, 0x0000000097900000|100%| E|CS|TAMS 0x0000000097800000, 0x0000000097800000| Complete 
| 377|0x0000000097900000, 0x0000000097a00000, 0x0000000097a00000|100%| E|CS|TAMS 0x0000000097900000, 0x0000000097900000| Complete 
| 378|0x0000000097a00000, 0x0000000097b00000, 0x0000000097b00000|100%| E|CS|TAMS 0x0000000097a00000, 0x0000000097a00000| Complete 
| 379|0x0000000097b00000, 0x0000000097c00000, 0x0000000097c00000|100%| E|CS|TAMS 0x0000000097b00000, 0x0000000097b00000| Complete 
| 380|0x0000000097c00000, 0x0000000097d00000, 0x0000000097d00000|100%| E|CS|TAMS 0x0000000097c00000, 0x0000000097c00000| Complete 
| 381|0x0000000097d00000, 0x0000000097e00000, 0x0000000097e00000|100%| E|CS|TAMS 0x0000000097d00000, 0x0000000097d00000| Complete 
| 382|0x0000000097e00000, 0x0000000097f00000, 0x0000000097f00000|100%| E|CS|TAMS 0x0000000097e00000, 0x0000000097e00000| Complete 
| 383|0x0000000097f00000, 0x0000000098000000, 0x0000000098000000|100%| E|CS|TAMS 0x0000000097f00000, 0x0000000097f00000| Complete 
| 384|0x0000000098000000, 0x0000000098100000, 0x0000000098100000|100%| E|CS|TAMS 0x0000000098000000, 0x0000000098000000| Complete 
| 385|0x0000000098100000, 0x0000000098200000, 0x0000000098200000|100%| E|CS|TAMS 0x0000000098100000, 0x0000000098100000| Complete 
| 386|0x0000000098200000, 0x0000000098300000, 0x0000000098300000|100%| E|CS|TAMS 0x0000000098200000, 0x0000000098200000| Complete 
| 387|0x0000000098300000, 0x0000000098400000, 0x0000000098400000|100%| E|CS|TAMS 0x0000000098300000, 0x0000000098300000| Complete 
| 388|0x0000000098400000, 0x0000000098500000, 0x0000000098500000|100%| E|CS|TAMS 0x0000000098400000, 0x0000000098400000| Complete 
| 389|0x0000000098500000, 0x0000000098600000, 0x0000000098600000|100%| E|CS|TAMS 0x0000000098500000, 0x0000000098500000| Complete 
| 390|0x0000000098600000, 0x0000000098700000, 0x0000000098700000|100%| E|CS|TAMS 0x0000000098600000, 0x0000000098600000| Complete 
| 391|0x0000000098700000, 0x0000000098800000, 0x0000000098800000|100%| E|CS|TAMS 0x0000000098700000, 0x0000000098700000| Complete 
| 392|0x0000000098800000, 0x0000000098900000, 0x0000000098900000|100%| E|CS|TAMS 0x0000000098800000, 0x0000000098800000| Complete 
| 393|0x0000000098900000, 0x0000000098a00000, 0x0000000098a00000|100%| E|CS|TAMS 0x0000000098900000, 0x0000000098900000| Complete 
| 394|0x0000000098a00000, 0x0000000098b00000, 0x0000000098b00000|100%| E|CS|TAMS 0x0000000098a00000, 0x0000000098a00000| Complete 
| 395|0x0000000098b00000, 0x0000000098c00000, 0x0000000098c00000|100%| E|CS|TAMS 0x0000000098b00000, 0x0000000098b00000| Complete 
| 396|0x0000000098c00000, 0x0000000098d00000, 0x0000000098d00000|100%| E|CS|TAMS 0x0000000098c00000, 0x0000000098c00000| Complete 
| 397|0x0000000098d00000, 0x0000000098e00000, 0x0000000098e00000|100%| E|CS|TAMS 0x0000000098d00000, 0x0000000098d00000| Complete 
| 398|0x0000000098e00000, 0x0000000098f00000, 0x0000000098f00000|100%| E|CS|TAMS 0x0000000098e00000, 0x0000000098e00000| Complete 
| 399|0x0000000098f00000, 0x0000000099000000, 0x0000000099000000|100%| E|CS|TAMS 0x0000000098f00000, 0x0000000098f00000| Complete 
| 400|0x0000000099000000, 0x0000000099100000, 0x0000000099100000|100%| E|CS|TAMS 0x0000000099000000, 0x0000000099000000| Complete 
| 401|0x0000000099100000, 0x0000000099200000, 0x0000000099200000|100%| E|CS|TAMS 0x0000000099100000, 0x0000000099100000| Complete 
| 402|0x0000000099200000, 0x0000000099300000, 0x0000000099300000|100%| E|CS|TAMS 0x0000000099200000, 0x0000000099200000| Complete 
| 403|0x0000000099300000, 0x0000000099400000, 0x0000000099400000|100%| E|CS|TAMS 0x0000000099300000, 0x0000000099300000| Complete 
| 404|0x0000000099400000, 0x0000000099500000, 0x0000000099500000|100%| E|CS|TAMS 0x0000000099400000, 0x0000000099400000| Complete 
| 405|0x0000000099500000, 0x0000000099600000, 0x0000000099600000|100%| E|CS|TAMS 0x0000000099500000, 0x0000000099500000| Complete 
| 406|0x0000000099600000, 0x0000000099700000, 0x0000000099700000|100%| E|CS|TAMS 0x0000000099600000, 0x0000000099600000| Complete 
| 407|0x0000000099700000, 0x0000000099800000, 0x0000000099800000|100%| E|CS|TAMS 0x0000000099700000, 0x0000000099700000| Complete 
| 408|0x0000000099800000, 0x0000000099900000, 0x0000000099900000|100%| E|CS|TAMS 0x0000000099800000, 0x0000000099800000| Complete 
| 409|0x0000000099900000, 0x0000000099a00000, 0x0000000099a00000|100%| E|CS|TAMS 0x0000000099900000, 0x0000000099900000| Complete 
| 410|0x0000000099a00000, 0x0000000099b00000, 0x0000000099b00000|100%| E|CS|TAMS 0x0000000099a00000, 0x0000000099a00000| Complete 
| 411|0x0000000099b00000, 0x0000000099c00000, 0x0000000099c00000|100%| E|CS|TAMS 0x0000000099b00000, 0x0000000099b00000| Complete 
| 412|0x0000000099c00000, 0x0000000099d00000, 0x0000000099d00000|100%| E|CS|TAMS 0x0000000099c00000, 0x0000000099c00000| Complete 
| 413|0x0000000099d00000, 0x0000000099e00000, 0x0000000099e00000|100%| E|CS|TAMS 0x0000000099d00000, 0x0000000099d00000| Complete 
| 414|0x0000000099e00000, 0x0000000099f00000, 0x0000000099f00000|100%| E|CS|TAMS 0x0000000099e00000, 0x0000000099e00000| Complete 
| 415|0x0000000099f00000, 0x000000009a000000, 0x000000009a000000|100%| E|CS|TAMS 0x0000000099f00000, 0x0000000099f00000| Complete 
| 416|0x000000009a000000, 0x000000009a100000, 0x000000009a100000|100%| E|CS|TAMS 0x000000009a000000, 0x000000009a000000| Complete 
| 417|0x000000009a100000, 0x000000009a200000, 0x000000009a200000|100%| E|CS|TAMS 0x000000009a100000, 0x000000009a100000| Complete 
| 418|0x000000009a200000, 0x000000009a300000, 0x000000009a300000|100%| E|CS|TAMS 0x000000009a200000, 0x000000009a200000| Complete 
| 419|0x000000009a300000, 0x000000009a400000, 0x000000009a400000|100%| E|CS|TAMS 0x000000009a300000, 0x000000009a300000| Complete 
| 420|0x000000009a400000, 0x000000009a500000, 0x000000009a500000|100%| E|CS|TAMS 0x000000009a400000, 0x000000009a400000| Complete 
| 421|0x000000009a500000, 0x000000009a600000, 0x000000009a600000|100%| E|CS|TAMS 0x000000009a500000, 0x000000009a500000| Complete 
| 422|0x000000009a600000, 0x000000009a700000, 0x000000009a700000|100%| E|CS|TAMS 0x000000009a600000, 0x000000009a600000| Complete 
| 423|0x000000009a700000, 0x000000009a800000, 0x000000009a800000|100%| E|CS|TAMS 0x000000009a700000, 0x000000009a700000| Complete 
| 424|0x000000009a800000, 0x000000009a900000, 0x000000009a900000|100%| E|CS|TAMS 0x000000009a800000, 0x000000009a800000| Complete 
| 425|0x000000009a900000, 0x000000009aa00000, 0x000000009aa00000|100%| E|CS|TAMS 0x000000009a900000, 0x000000009a900000| Complete 
| 426|0x000000009aa00000, 0x000000009ab00000, 0x000000009ab00000|100%| E|CS|TAMS 0x000000009aa00000, 0x000000009aa00000| Complete 
| 427|0x000000009ab00000, 0x000000009ac00000, 0x000000009ac00000|100%| E|CS|TAMS 0x000000009ab00000, 0x000000009ab00000| Complete 
| 428|0x000000009ac00000, 0x000000009ad00000, 0x000000009ad00000|100%| E|CS|TAMS 0x000000009ac00000, 0x000000009ac00000| Complete 
| 429|0x000000009ad00000, 0x000000009ae00000, 0x000000009ae00000|100%| E|CS|TAMS 0x000000009ad00000, 0x000000009ad00000| Complete 
| 430|0x000000009ae00000, 0x000000009af00000, 0x000000009af00000|100%| E|CS|TAMS 0x000000009ae00000, 0x000000009ae00000| Complete 
| 431|0x000000009af00000, 0x000000009b000000, 0x000000009b000000|100%| E|CS|TAMS 0x000000009af00000, 0x000000009af00000| Complete 
| 432|0x000000009b000000, 0x000000009b100000, 0x000000009b100000|100%| E|CS|TAMS 0x000000009b000000, 0x000000009b000000| Complete 
| 433|0x000000009b100000, 0x000000009b200000, 0x000000009b200000|100%| E|CS|TAMS 0x000000009b100000, 0x000000009b100000| Complete 
| 434|0x000000009b200000, 0x000000009b300000, 0x000000009b300000|100%| E|CS|TAMS 0x000000009b200000, 0x000000009b200000| Complete 
| 435|0x000000009b300000, 0x000000009b400000, 0x000000009b400000|100%| E|CS|TAMS 0x000000009b300000, 0x000000009b300000| Complete 
| 436|0x000000009b400000, 0x000000009b500000, 0x000000009b500000|100%| E|CS|TAMS 0x000000009b400000, 0x000000009b400000| Complete 
| 437|0x000000009b500000, 0x000000009b600000, 0x000000009b600000|100%| E|CS|TAMS 0x000000009b500000, 0x000000009b500000| Complete 
| 438|0x000000009b600000, 0x000000009b700000, 0x000000009b700000|100%| E|CS|TAMS 0x000000009b600000, 0x000000009b600000| Complete 
| 439|0x000000009b700000, 0x000000009b800000, 0x000000009b800000|100%| E|CS|TAMS 0x000000009b700000, 0x000000009b700000| Complete 
| 440|0x000000009b800000, 0x000000009b900000, 0x000000009b900000|100%| E|CS|TAMS 0x000000009b800000, 0x000000009b800000| Complete 
| 441|0x000000009b900000, 0x000000009ba00000, 0x000000009ba00000|100%| E|CS|TAMS 0x000000009b900000, 0x000000009b900000| Complete 
| 442|0x000000009ba00000, 0x000000009bb00000, 0x000000009bb00000|100%| E|CS|TAMS 0x000000009ba00000, 0x000000009ba00000| Complete 
| 443|0x000000009bb00000, 0x000000009bc00000, 0x000000009bc00000|100%| E|CS|TAMS 0x000000009bb00000, 0x000000009bb00000| Complete 
| 444|0x000000009bc00000, 0x000000009bd00000, 0x000000009bd00000|100%| E|CS|TAMS 0x000000009bc00000, 0x000000009bc00000| Complete 
| 445|0x000000009bd00000, 0x000000009be00000, 0x000000009be00000|100%| E|CS|TAMS 0x000000009bd00000, 0x000000009bd00000| Complete 
| 446|0x000000009be00000, 0x000000009bf00000, 0x000000009bf00000|100%| E|CS|TAMS 0x000000009be00000, 0x000000009be00000| Complete 
| 447|0x000000009bf00000, 0x000000009c000000, 0x000000009c000000|100%| E|CS|TAMS 0x000000009bf00000, 0x000000009bf00000| Complete 
| 448|0x000000009c000000, 0x000000009c100000, 0x000000009c100000|100%| E|CS|TAMS 0x000000009c000000, 0x000000009c000000| Complete 
| 449|0x000000009c100000, 0x000000009c200000, 0x000000009c200000|100%| E|CS|TAMS 0x000000009c100000, 0x000000009c100000| Complete 
| 450|0x000000009c200000, 0x000000009c300000, 0x000000009c300000|100%| E|CS|TAMS 0x000000009c200000, 0x000000009c200000| Complete 
| 451|0x000000009c300000, 0x000000009c400000, 0x000000009c400000|100%| E|CS|TAMS 0x000000009c300000, 0x000000009c300000| Complete 
| 452|0x000000009c400000, 0x000000009c500000, 0x000000009c500000|100%| E|CS|TAMS 0x000000009c400000, 0x000000009c400000| Complete 
| 453|0x000000009c500000, 0x000000009c600000, 0x000000009c600000|100%| E|CS|TAMS 0x000000009c500000, 0x000000009c500000| Complete 
| 454|0x000000009c600000, 0x000000009c700000, 0x000000009c700000|100%| E|CS|TAMS 0x000000009c600000, 0x000000009c600000| Complete 
| 455|0x000000009c700000, 0x000000009c800000, 0x000000009c800000|100%| E|CS|TAMS 0x000000009c700000, 0x000000009c700000| Complete 
| 456|0x000000009c800000, 0x000000009c900000, 0x000000009c900000|100%| E|CS|TAMS 0x000000009c800000, 0x000000009c800000| Complete 
| 457|0x000000009c900000, 0x000000009ca00000, 0x000000009ca00000|100%| E|CS|TAMS 0x000000009c900000, 0x000000009c900000| Complete 
| 458|0x000000009ca00000, 0x000000009cb00000, 0x000000009cb00000|100%| E|CS|TAMS 0x000000009ca00000, 0x000000009ca00000| Complete 
| 459|0x000000009cb00000, 0x000000009cc00000, 0x000000009cc00000|100%| E|CS|TAMS 0x000000009cb00000, 0x000000009cb00000| Complete 
| 460|0x000000009cc00000, 0x000000009cd00000, 0x000000009cd00000|100%| E|CS|TAMS 0x000000009cc00000, 0x000000009cc00000| Complete 
| 461|0x000000009cd00000, 0x000000009ce00000, 0x000000009ce00000|100%| E|CS|TAMS 0x000000009cd00000, 0x000000009cd00000| Complete 
| 462|0x000000009ce00000, 0x000000009cf00000, 0x000000009cf00000|100%| E|CS|TAMS 0x000000009ce00000, 0x000000009ce00000| Complete 
| 463|0x000000009cf00000, 0x000000009d000000, 0x000000009d000000|100%| E|CS|TAMS 0x000000009cf00000, 0x000000009cf00000| Complete 
| 464|0x000000009d000000, 0x000000009d100000, 0x000000009d100000|100%| E|CS|TAMS 0x000000009d000000, 0x000000009d000000| Complete 
| 465|0x000000009d100000, 0x000000009d200000, 0x000000009d200000|100%| E|CS|TAMS 0x000000009d100000, 0x000000009d100000| Complete 
| 466|0x000000009d200000, 0x000000009d300000, 0x000000009d300000|100%| E|CS|TAMS 0x000000009d200000, 0x000000009d200000| Complete 
| 467|0x000000009d300000, 0x000000009d400000, 0x000000009d400000|100%| E|CS|TAMS 0x000000009d300000, 0x000000009d300000| Complete 
| 468|0x000000009d400000, 0x000000009d500000, 0x000000009d500000|100%| E|CS|TAMS 0x000000009d400000, 0x000000009d400000| Complete 
| 469|0x000000009d500000, 0x000000009d600000, 0x000000009d600000|100%| E|CS|TAMS 0x000000009d500000, 0x000000009d500000| Complete 
| 470|0x000000009d600000, 0x000000009d700000, 0x000000009d700000|100%| E|CS|TAMS 0x000000009d600000, 0x000000009d600000| Complete 
| 471|0x000000009d700000, 0x000000009d800000, 0x000000009d800000|100%| E|CS|TAMS 0x000000009d700000, 0x000000009d700000| Complete 
| 472|0x000000009d800000, 0x000000009d900000, 0x000000009d900000|100%| E|CS|TAMS 0x000000009d800000, 0x000000009d800000| Complete 
| 473|0x000000009d900000, 0x000000009da00000, 0x000000009da00000|100%| E|CS|TAMS 0x000000009d900000, 0x000000009d900000| Complete 
| 474|0x000000009da00000, 0x000000009db00000, 0x000000009db00000|100%| E|CS|TAMS 0x000000009da00000, 0x000000009da00000| Complete 
| 475|0x000000009db00000, 0x000000009dc00000, 0x000000009dc00000|100%| E|CS|TAMS 0x000000009db00000, 0x000000009db00000| Complete 
| 476|0x000000009dc00000, 0x000000009dd00000, 0x000000009dd00000|100%| E|CS|TAMS 0x000000009dc00000, 0x000000009dc00000| Complete 
| 477|0x000000009dd00000, 0x000000009de00000, 0x000000009de00000|100%| E|CS|TAMS 0x000000009dd00000, 0x000000009dd00000| Complete 
| 478|0x000000009de00000, 0x000000009df00000, 0x000000009df00000|100%| E|CS|TAMS 0x000000009de00000, 0x000000009de00000| Complete 
| 479|0x000000009df00000, 0x000000009e000000, 0x000000009e000000|100%| E|CS|TAMS 0x000000009df00000, 0x000000009df00000| Complete 
| 480|0x000000009e000000, 0x000000009e100000, 0x000000009e100000|100%| E|CS|TAMS 0x000000009e000000, 0x000000009e000000| Complete 
| 481|0x000000009e100000, 0x000000009e200000, 0x000000009e200000|100%| E|CS|TAMS 0x000000009e100000, 0x000000009e100000| Complete 
| 482|0x000000009e200000, 0x000000009e300000, 0x000000009e300000|100%| E|CS|TAMS 0x000000009e200000, 0x000000009e200000| Complete 
| 483|0x000000009e300000, 0x000000009e400000, 0x000000009e400000|100%| E|CS|TAMS 0x000000009e300000, 0x000000009e300000| Complete 
| 484|0x000000009e400000, 0x000000009e500000, 0x000000009e500000|100%| E|CS|TAMS 0x000000009e400000, 0x000000009e400000| Complete 
| 485|0x000000009e500000, 0x000000009e600000, 0x000000009e600000|100%| E|CS|TAMS 0x000000009e500000, 0x000000009e500000| Complete 
| 486|0x000000009e600000, 0x000000009e700000, 0x000000009e700000|100%| E|CS|TAMS 0x000000009e600000, 0x000000009e600000| Complete 
| 487|0x000000009e700000, 0x000000009e800000, 0x000000009e800000|100%| E|CS|TAMS 0x000000009e700000, 0x000000009e700000| Complete 
| 488|0x000000009e800000, 0x000000009e900000, 0x000000009e900000|100%| E|CS|TAMS 0x000000009e800000, 0x000000009e800000| Complete 
| 489|0x000000009e900000, 0x000000009ea00000, 0x000000009ea00000|100%| E|CS|TAMS 0x000000009e900000, 0x000000009e900000| Complete 
| 509|0x000000009fd00000, 0x000000009fe00000, 0x000000009fe00000|100%| E|CS|TAMS 0x000000009fd00000, 0x000000009fd00000| Complete 
|2039|0x00000000ff700000, 0x00000000ff800000, 0x00000000ff800000|100%| E|CS|TAMS 0x00000000ff700000, 0x00000000ff700000| Complete 
|2040|0x00000000ff800000, 0x00000000ff900000, 0x00000000ff900000|100%| E|CS|TAMS 0x00000000ff800000, 0x00000000ff800000| Complete 
|2041|0x00000000ff900000, 0x00000000ffa00000, 0x00000000ffa00000|100%| E|CS|TAMS 0x00000000ff900000, 0x00000000ff900000| Complete 
|2042|0x00000000ffa00000, 0x00000000ffb00000, 0x00000000ffb00000|100%| E|CS|TAMS 0x00000000ffa00000, 0x00000000ffa00000| Complete 
|2043|0x00000000ffb00000, 0x00000000ffc00000, 0x00000000ffc00000|100%| E|CS|TAMS 0x00000000ffb00000, 0x00000000ffb00000| Complete 
|2044|0x00000000ffc00000, 0x00000000ffd00000, 0x00000000ffd00000|100%| E|CS|TAMS 0x00000000ffc00000, 0x00000000ffc00000| Complete 
|2045|0x00000000ffd00000, 0x00000000ffe00000, 0x00000000ffe00000|100%| E|CS|TAMS 0x00000000ffd00000, 0x00000000ffd00000| Complete 
|2046|0x00000000ffe00000, 0x00000000fff00000, 0x00000000fff00000|100%| E|CS|TAMS 0x00000000ffe00000, 0x00000000ffe00000| Complete 
|2047|0x00000000fff00000, 0x0000000100000000, 0x0000000100000000|100%| E|CS|TAMS 0x00000000fff00000, 0x00000000fff00000| Complete 

Card table byte_map: [0x000001cf133c0000,0x000001cf137c0000] _byte_map_base: 0x000001cf12fc0000

Marking Bits (Prev, Next): (CMBitMap*) 0x000001cf000b8590, (CMBitMap*) 0x000001cf000b8550
 Prev Bits: [0x000001cf15bc0000, 0x000001cf17bc0000)
 Next Bits: [0x000001cf13bc0000, 0x000001cf15bc0000)

Polling page: 0x000001cf7f7e0000

Metaspace:

Usage:
  Non-class:    188.52 MB used.
      Class:     26.12 MB used.
       Both:    214.64 MB used.

Virtual space:
  Non-class space:      192.00 MB reserved,     189.12 MB ( 99%) committed,  3 nodes.
      Class space:        1.00 GB reserved,      26.69 MB (  3%) committed,  1 nodes.
             Both:        1.19 GB reserved,     215.81 MB ( 18%) committed. 

Chunk freelists:
   Non-Class:  2.27 MB
       Class:  5.19 MB
        Both:  7.46 MB

MaxMetaspaceSize: unlimited
CompressedClassSpaceSize: 1.00 GB
Initial GC threshold: 21.00 MB
Current GC threshold: 353.44 MB
CDS: off
MetaspaceReclaimPolicy: balanced
 - commit_granule_bytes: 65536.
 - commit_granule_words: 8192.
 - virtual_space_node_default_size: 8388608.
 - enlarge_chunks_in_place: 1.
 - new_chunks_are_fully_committed: 0.
 - uncommit_free_chunks: 1.
 - use_allocation_guard: 0.
 - handle_deallocations: 1.


Internal statistics:

num_allocs_failed_limit: 15.
num_arena_births: 2102.
num_arena_deaths: 70.
num_vsnodes_births: 4.
num_vsnodes_deaths: 0.
num_space_committed: 3448.
num_space_uncommitted: 0.
num_chunks_returned_to_freelist: 122.
num_chunks_taken_from_freelist: 10504.
num_chunk_merges: 54.
num_chunk_splits: 7393.
num_chunks_enlarged: 5392.
num_inconsistent_stats: 0.

CodeHeap 'non-profiled nmethods': size=119168Kb used=26911Kb max_used=26926Kb free=92256Kb
 bounds [0x000001cf0b0c0000, 0x000001cf0cb10000, 0x000001cf12520000]
CodeHeap 'profiled nmethods': size=119104Kb used=81295Kb max_used=81295Kb free=37808Kb
 bounds [0x000001cf03520000, 0x000001cf08490000, 0x000001cf0a970000]
CodeHeap 'non-nmethods': size=7488Kb used=4377Kb max_used=4465Kb free=3110Kb
 bounds [0x000001cf0a970000, 0x000001cf0ade0000, 0x000001cf0b0c0000]
 total_blobs=35078 nmethods=33815 adapters=1168
 compilation: enabled
              stopped_count=0, restarted_count=0
 full_count=0

Compilation events (20 events):
Event: 172.798 Thread 0x000001cf1b03e4a0 42298       3       com.google.common.collect.ImmutableSet$Builder::copyIfNecessary (17 bytes)
Event: 172.798 Thread 0x000001cf1b03e4a0 nmethod 42298 0x000001cf0842d790 code [0x000001cf0842d960, 0x000001cf0842dd98]
Event: 172.798 Thread 0x000001cf27704fb0 42299       3       com.google.common.collect.ImmutableSet$Builder::add (6 bytes)
Event: 172.798 Thread 0x000001cf27705500 nmethod 42297 0x000001cf0842df10 code [0x000001cf0842e140, 0x000001cf0842e9c8]
Event: 172.799 Thread 0x000001cf23edf580 nmethod 42296 0x000001cf0842ec90 code [0x000001cf0842eee0, 0x000001cf0842fbb8]
Event: 172.799 Thread 0x000001cf27704fb0 nmethod 42299 0x000001cf0842ff10 code [0x000001cf08430140, 0x000001cf08430a48]
Event: 172.799 Thread 0x000001cf2ae3ee80 nmethod 42285 0x000001cf0cac9f90 code [0x000001cf0caca120, 0x000001cf0caca3a8]
Event: 172.799 Thread 0x000001cf2ae3ee80 42183       4       java.nio.channels.spi.AbstractInterruptibleChannel::isOpen (13 bytes)
Event: 172.799 Thread 0x000001cf2ae3ee80 nmethod 42183 0x000001cf0caca590 code [0x000001cf0caca700, 0x000001cf0caca798]
Event: 172.799 Thread 0x000001cf2ae3ee80 42220   !   4       java.lang.Thread::blockedOn (27 bytes)
Event: 172.799 Thread 0x000001cf27705500 42300       1       com.android.builder.files.RelativeFile::getType (5 bytes)
Event: 172.800 Thread 0x000001cf23edf580 42301       3       com.android.builder.files.RelativeFile::getBase (25 bytes)
Event: 172.800 Thread 0x000001cf27705500 nmethod 42300 0x000001cf0caca890 code [0x000001cf0cacaa20, 0x000001cf0cacaaf8]
Event: 172.800 Thread 0x000001cf23edf580 nmethod 42301 0x000001cf08430d10 code [0x000001cf08430ee0, 0x000001cf084312a8]
Event: 172.802 Thread 0x000001cf2ae3ee80 nmethod 42220 0x000001cf0cacab90 code [0x000001cf0cacad00, 0x000001cf0cacaf98]
Event: 172.802 Thread 0x000001cf2ae3ee80 42286       4       com.android.builder.files.ZipCentralDirectory::uintToLong (7 bytes)
Event: 172.803 Thread 0x000001cf2ae3ee80 nmethod 42286 0x000001cf0cacb090 code [0x000001cf0cacb200, 0x000001cf0cacb278]
Event: 172.803 Thread 0x000001cf2ae3ee80 42292       4       com.google.common.base.Preconditions::checkArgument (17 bytes)
Event: 172.803 Thread 0x000001cf2ae3ee80 nmethod 42292 0x000001cf0cacb390 code [0x000001cf0cacb500, 0x000001cf0cacb578]
Event: 172.803 Thread 0x000001cf2ae3ee80 42287       4       com.android.builder.files.ZipCentralDirectory::ushortToInt (6 bytes)

GC Heap History (20 events):
Event: 84.265 GC heap before
{Heap before GC invocations=129 (full 0):
 garbage-first heap   total 486400K, used 408843K [0x0000000080000000, 0x0000000100000000)
  region size 1024K, 192 young (196608K), 7 survivors (7168K)
 Metaspace       used 195076K, committed 195968K, reserved 1245184K
  class space    used 23989K, committed 24384K, reserved 1048576K
}
Event: 84.267 GC heap after
{Heap after GC invocations=130 (full 0):
 garbage-first heap   total 486400K, used 218255K [0x0000000080000000, 0x0000000100000000)
  region size 1024K, 7 young (7168K), 7 survivors (7168K)
 Metaspace       used 195076K, committed 195968K, reserved 1245184K
  class space    used 23989K, committed 24384K, reserved 1048576K
}
Event: 91.285 GC heap before
{Heap before GC invocations=130 (full 0):
 garbage-first heap   total 486400K, used 411791K [0x0000000080000000, 0x0000000100000000)
  region size 1024K, 197 young (201728K), 7 survivors (7168K)
 Metaspace       used 195743K, committed 196672K, reserved 1245184K
  class space    used 24019K, committed 24448K, reserved 1048576K
}
Event: 91.288 GC heap after
{Heap after GC invocations=131 (full 0):
 garbage-first heap   total 486400K, used 222644K [0x0000000080000000, 0x0000000100000000)
  region size 1024K, 12 young (12288K), 12 survivors (12288K)
 Metaspace       used 195743K, committed 196672K, reserved 1245184K
  class space    used 24019K, committed 24448K, reserved 1048576K
}
Event: 103.610 GC heap before
{Heap before GC invocations=131 (full 0):
 garbage-first heap   total 486400K, used 413108K [0x0000000080000000, 0x0000000100000000)
  region size 1024K, 199 young (203776K), 12 survivors (12288K)
 Metaspace       used 198517K, committed 199488K, reserved 1245184K
  class space    used 24350K, committed 24832K, reserved 1048576K
}
Event: 103.613 GC heap after
{Heap after GC invocations=132 (full 0):
 garbage-first heap   total 486400K, used 230487K [0x0000000080000000, 0x0000000100000000)
  region size 1024K, 19 young (19456K), 19 survivors (19456K)
 Metaspace       used 198517K, committed 199488K, reserved 1245184K
  class space    used 24350K, committed 24832K, reserved 1048576K
}
Event: 170.400 GC heap before
{Heap before GC invocations=132 (full 0):
 garbage-first heap   total 486400K, used 402519K [0x0000000080000000, 0x0000000100000000)
  region size 1024K, 189 young (193536K), 19 survivors (19456K)
 Metaspace       used 206948K, committed 207936K, reserved 1245184K
  class space    used 25300K, committed 25792K, reserved 1048576K
}
Event: 170.405 GC heap after
{Heap after GC invocations=133 (full 0):
 garbage-first heap   total 486400K, used 238147K [0x0000000080000000, 0x0000000100000000)
  region size 1024K, 21 young (21504K), 21 survivors (21504K)
 Metaspace       used 206948K, committed 207936K, reserved 1245184K
  class space    used 25300K, committed 25792K, reserved 1048576K
}
Event: 171.448 GC heap before
{Heap before GC invocations=134 (full 0):
 garbage-first heap   total 486400K, used 443971K [0x0000000080000000, 0x0000000100000000)
  region size 1024K, 189 young (193536K), 21 survivors (21504K)
 Metaspace       used 211816K, committed 213056K, reserved 1245184K
  class space    used 25890K, committed 26496K, reserved 1048576K
}
Event: 171.455 GC heap after
{Heap after GC invocations=135 (full 0):
 garbage-first heap   total 495616K, used 268067K [0x0000000080000000, 0x0000000100000000)
  region size 1024K, 24 young (24576K), 24 survivors (24576K)
 Metaspace       used 211816K, committed 213056K, reserved 1245184K
  class space    used 25890K, committed 26496K, reserved 1048576K
}
Event: 171.458 GC heap before
{Heap before GC invocations=135 (full 0):
 garbage-first heap   total 495616K, used 269091K [0x0000000080000000, 0x0000000100000000)
  region size 1024K, 25 young (25600K), 24 survivors (24576K)
 Metaspace       used 211816K, committed 213056K, reserved 1245184K
  class space    used 25890K, committed 26496K, reserved 1048576K
}
Event: 171.464 GC heap after
{Heap after GC invocations=136 (full 0):
 garbage-first heap   total 495616K, used 266895K [0x0000000080000000, 0x0000000100000000)
  region size 1024K, 2 young (2048K), 2 survivors (2048K)
 Metaspace       used 211816K, committed 213056K, reserved 1245184K
  class space    used 25890K, committed 26496K, reserved 1048576K
}
Event: 171.730 GC heap before
{Heap before GC invocations=136 (full 0):
 garbage-first heap   total 495616K, used 398991K [0x0000000080000000, 0x0000000100000000)
  region size 1024K, 132 young (135168K), 2 survivors (2048K)
 Metaspace       used 215353K, committed 216576K, reserved 1245184K
  class space    used 26201K, committed 26816K, reserved 1048576K
}
Event: 171.733 GC heap after
{Heap after GC invocations=137 (full 0):
 garbage-first heap   total 495616K, used 280887K [0x0000000080000000, 0x0000000100000000)
  region size 1024K, 16 young (16384K), 16 survivors (16384K)
 Metaspace       used 215353K, committed 216576K, reserved 1245184K
  class space    used 26201K, committed 26816K, reserved 1048576K
}
Event: 172.482 GC heap before
{Heap before GC invocations=138 (full 0):
 garbage-first heap   total 512000K, used 395575K [0x0000000080000000, 0x0000000100000000)
  region size 1024K, 134 young (137216K), 16 survivors (16384K)
 Metaspace       used 218592K, committed 219776K, reserved 1245184K
  class space    used 26589K, committed 27200K, reserved 1048576K
}
Event: 172.485 GC heap after
{Heap after GC invocations=139 (full 0):
 garbage-first heap   total 512000K, used 265098K [0x0000000080000000, 0x0000000100000000)
  region size 1024K, 6 young (6144K), 6 survivors (6144K)
 Metaspace       used 218592K, committed 219776K, reserved 1245184K
  class space    used 26589K, committed 27200K, reserved 1048576K
}
Event: 172.535 GC heap before
{Heap before GC invocations=139 (full 0):
 garbage-first heap   total 512000K, used 283530K [0x0000000080000000, 0x0000000100000000)
  region size 1024K, 25 young (25600K), 6 survivors (6144K)
 Metaspace       used 218684K, committed 219904K, reserved 1245184K
  class space    used 26594K, committed 27200K, reserved 1048576K
}
Event: 172.539 GC heap after
{Heap after GC invocations=140 (full 0):
 garbage-first heap   total 512000K, used 240130K [0x0000000080000000, 0x0000000100000000)
  region size 1024K, 2 young (2048K), 2 survivors (2048K)
 Metaspace       used 218684K, committed 219904K, reserved 1245184K
  class space    used 26594K, committed 27200K, reserved 1048576K
}
Event: 172.775 GC heap before
{Heap before GC invocations=140 (full 0):
 garbage-first heap   total 512000K, used 403970K [0x0000000080000000, 0x0000000100000000)
  region size 1024K, 163 young (166912K), 2 survivors (2048K)
 Metaspace       used 219179K, committed 220416K, reserved 1245184K
  class space    used 26665K, committed 27264K, reserved 1048576K
}
Event: 172.777 GC heap after
{Heap after GC invocations=141 (full 0):
 garbage-first heap   total 512000K, used 240403K [0x0000000080000000, 0x0000000100000000)
  region size 1024K, 2 young (2048K), 2 survivors (2048K)
 Metaspace       used 219179K, committed 220416K, reserved 1245184K
  class space    used 26665K, committed 27264K, reserved 1048576K
}

Dll operation events (3 events):
Event: 0.004 Loaded shared library C:\Program Files\Android\Android Studio\jbr\bin\java.dll
Event: 0.066 Loaded shared library C:\Program Files\Android\Android Studio\jbr\bin\zip.dll
Event: 0.187 Loaded shared library C:\Program Files\Android\Android Studio\jbr\bin\verify.dll

Deoptimization events (20 events):
Event: 172.758 Thread 0x000001cf2948c2f0 DEOPT PACKING pc=0x000001cf0c599bb4 sp=0x000000cc746fe520
Event: 172.758 Thread 0x000001cf2948aeb0 DEOPT PACKING pc=0x000001cf0c599bb4 sp=0x000000cc74cfe8d0
Event: 172.758 Thread 0x000001cf2948c2f0 DEOPT UNPACKING pc=0x000001cf0a9c69a3 sp=0x000000cc746fe4a0 mode 2
Event: 172.758 Thread 0x000001cf2948aeb0 DEOPT UNPACKING pc=0x000001cf0a9c69a3 sp=0x000000cc74cfe850 mode 2
Event: 172.758 Thread 0x000001cf2948e150 DEOPT PACKING pc=0x000001cf0c599bb4 sp=0x000000cc749fe600
Event: 172.758 Thread 0x000001cf2948e150 DEOPT UNPACKING pc=0x000001cf0a9c69a3 sp=0x000000cc749fe580 mode 2
Event: 172.758 Thread 0x000001cf2649c990 Uncommon trap: trap_request=0xffffff45 fr.pc=0x000001cf0c27e024 relative=0x0000000000001984
Event: 172.758 Thread 0x000001cf276f4c60 DEOPT PACKING pc=0x000001cf0c27e024 sp=0x000000cc745fe230
Event: 172.758 Thread 0x000001cf276f4c60 DEOPT UNPACKING pc=0x000001cf0a9c69a3 sp=0x000000cc745fe1e0 mode 2
Event: 172.758 Thread 0x000001cf2649c990 Uncommon trap: reason=unstable_if action=reinterpret pc=0x000001cf0c27e024 method=java.util.concurrent.ConcurrentHashMap.transfer([Ljava/util/concurrent/ConcurrentHashMap$Node;[Ljava/util/concurrent/ConcurrentHashMap$Node;)V @ 347 c2
Event: 172.759 Thread 0x000001cf2649d3b0 Uncommon trap: trap_request=0xffffff45 fr.pc=0x000001cf0c27e024 relative=0x0000000000001984
Event: 172.759 Thread 0x000001cf2649d3b0 Uncommon trap: reason=unstable_if action=reinterpret pc=0x000001cf0c27e024 method=java.util.concurrent.ConcurrentHashMap.transfer([Ljava/util/concurrent/ConcurrentHashMap$Node;[Ljava/util/concurrent/ConcurrentHashMap$Node;)V @ 347 c2
Event: 172.759 Thread 0x000001cf2649c990 DEOPT PACKING pc=0x000001cf0c27e024 sp=0x000000cc73ffe510
Event: 172.759 Thread 0x000001cf2649c990 DEOPT UNPACKING pc=0x000001cf0a9c69a3 sp=0x000000cc73ffe4c0 mode 2
Event: 172.759 Thread 0x000001cf2649d3b0 DEOPT PACKING pc=0x000001cf0c27e024 sp=0x000000cc740fe2c0
Event: 172.759 Thread 0x000001cf2649d3b0 DEOPT UNPACKING pc=0x000001cf0a9c69a3 sp=0x000000cc740fe270 mode 2
Event: 172.793 Thread 0x000001cf2691c890 Uncommon trap: trap_request=0xffffff45 fr.pc=0x000001cf0b8e8860 relative=0x00000000000000e0
Event: 172.793 Thread 0x000001cf2691c890 Uncommon trap: reason=unstable_if action=reinterpret pc=0x000001cf0b8e8860 method=jdk.internal.misc.Unsafe.convEndian(ZS)S @ 4 c2
Event: 172.793 Thread 0x000001cf2691c890 DEOPT PACKING pc=0x000001cf0b8e8860 sp=0x000000cc6d8fd740
Event: 172.793 Thread 0x000001cf2691c890 DEOPT UNPACKING pc=0x000001cf0a9c69a3 sp=0x000000cc6d8fd4d8 mode 2

Classes unloaded (20 events):
Event: 2.262 Thread 0x000001cf1aff1180 Unloading class 0x0000000100430000 'java/lang/invoke/LambdaForm$DMH+0x0000000100430000'
Event: 14.027 Thread 0x000001cf1aff1180 Unloading class 0x0000000100733188 '_BuildScript_$_run_closure1$_closure3'
Event: 14.027 Thread 0x000001cf1aff1180 Unloading class 0x0000000100732d78 '_BuildScript_$_run_closure1$_closure2'
Event: 14.027 Thread 0x000001cf1aff1180 Unloading class 0x0000000100732968 '_BuildScript_$_run_closure1'
Event: 14.027 Thread 0x000001cf1aff1180 Unloading class 0x0000000100732410 '_BuildScript_'
Event: 14.027 Thread 0x000001cf1aff1180 Unloading class 0x0000000100732000 'JetGradlePlugin$_apply_closure1$_closure2$_closure3'
Event: 14.027 Thread 0x000001cf1aff1180 Unloading class 0x00000001007319c0 'JetGradlePlugin$_apply_closure1$_closure2'
Event: 14.027 Thread 0x000001cf1aff1180 Unloading class 0x00000001007315b0 'JetGradlePlugin$_apply_closure1'
Event: 14.027 Thread 0x000001cf1aff1180 Unloading class 0x00000001007312f0 'JetGradlePlugin'
Event: 14.027 Thread 0x000001cf1aff1180 Unloading class 0x0000000100731000 'RegistryProcessor'
Event: 14.027 Thread 0x000001cf1aff1180 Unloading class 0x000000010072b968 '_BuildScript_$_run_closure1$_closure2'
Event: 14.027 Thread 0x000001cf1aff1180 Unloading class 0x000000010072b558 '_BuildScript_$_run_closure1'
Event: 14.027 Thread 0x000001cf1aff1180 Unloading class 0x000000010072b000 '_BuildScript_'
Event: 14.027 Thread 0x000001cf1aff1180 Unloading class 0x0000000100728558 '_BuildScript_$_run_closure1'
Event: 14.027 Thread 0x000001cf1aff1180 Unloading class 0x0000000100728000 '_BuildScript_'
Event: 14.027 Thread 0x000001cf1aff1180 Unloading class 0x00000001006af410 '_BuildScript_$_run_closure1$_closure2'
Event: 14.027 Thread 0x000001cf1aff1180 Unloading class 0x00000001006af000 '_BuildScript_$_run_closure1'
Event: 14.027 Thread 0x000001cf1aff1180 Unloading class 0x00000001006ae800 '_BuildScript_'
Event: 14.027 Thread 0x000001cf1aff1180 Unloading class 0x0000000100618558 '_BuildScript_$_run_closure1'
Event: 14.027 Thread 0x000001cf1aff1180 Unloading class 0x0000000100618000 '_BuildScript_'

Classes redefined (0 events):
No events

Internal exceptions (20 events):
Event: 172.785 Thread 0x000001cf2649b550 Exception <a 'sun/nio/fs/WindowsException'{0x000000009e606c10}> (0x000000009e606c10) 
thrown [s\src\hotspot\share\prims\jni.cpp, line 517]
Event: 172.786 Thread 0x000001cf2948e150 Exception <a 'sun/nio/fs/WindowsException'{0x000000009e9dabd8}> (0x000000009e9dabd8) 
thrown [s\src\hotspot\share\prims\jni.cpp, line 517]
Event: 172.786 Thread 0x000001cf2948d730 Exception <a 'sun/nio/fs/WindowsException'{0x000000009e2fd6a0}> (0x000000009e2fd6a0) 
thrown [s\src\hotspot\share\prims\jni.cpp, line 517]
Event: 172.786 Thread 0x000001cf2948d730 Exception <a 'sun/nio/fs/WindowsException'{0x000000009e2fd760}> (0x000000009e2fd760) 
thrown [s\src\hotspot\share\prims\jni.cpp, line 517]
Event: 172.786 Thread 0x000001cf2948d730 Exception <a 'sun/nio/fs/WindowsException'{0x000000009e2fd988}> (0x000000009e2fd988) 
thrown [s\src\hotspot\share\prims\jni.cpp, line 517]
Event: 172.789 Thread 0x000001cf2649d3b0 Exception <a 'sun/nio/fs/WindowsException'{0x000000009dee1cc8}> (0x000000009dee1cc8) 
thrown [s\src\hotspot\share\prims\jni.cpp, line 517]
Event: 172.790 Thread 0x000001cf2948c2f0 Exception <a 'sun/nio/fs/WindowsException'{0x000000009ddf6af8}> (0x000000009ddf6af8) 
thrown [s\src\hotspot\share\prims\jni.cpp, line 517]
Event: 172.791 Thread 0x000001cf2948dc40 Exception <a 'sun/nio/fs/WindowsException'{0x000000009d869190}> (0x000000009d869190) 
thrown [s\src\hotspot\share\prims\jni.cpp, line 517]
Event: 172.794 Thread 0x000001cf2948c2f0 Exception <a 'sun/nio/fs/WindowsException'{0x000000009d4d4130}> (0x000000009d4d4130) 
thrown [s\src\hotspot\share\prims\jni.cpp, line 517]
Event: 172.796 Thread 0x000001cf2bed0ce0 Exception <a 'sun/nio/fs/WindowsException'{0x000000009d2464e8}> (0x000000009d2464e8) 
thrown [s\src\hotspot\share\prims\jni.cpp, line 517]
Event: 172.796 Thread 0x000001cf2bed0ce0 Exception <a 'sun/nio/fs/WindowsException'{0x000000009d2465a8}> (0x000000009d2465a8) 
thrown [s\src\hotspot\share\prims\jni.cpp, line 517]
Event: 172.796 Thread 0x000001cf2bed0ce0 Exception <a 'sun/nio/fs/WindowsException'{0x000000009d2467e8}> (0x000000009d2467e8) 
thrown [s\src\hotspot\share\prims\jni.cpp, line 517]
Event: 172.796 Thread 0x000001cf2948dc40 Exception <a 'sun/nio/fs/WindowsException'{0x000000009d3fbfb0}> (0x000000009d3fbfb0) 
thrown [s\src\hotspot\share\prims\jni.cpp, line 517]
Event: 172.796 Thread 0x000001cf2948dc40 Exception <a 'sun/nio/fs/WindowsException'{0x000000009d3fc070}> (0x000000009d3fc070) 
thrown [s\src\hotspot\share\prims\jni.cpp, line 517]
Event: 172.796 Thread 0x000001cf2948dc40 Exception <a 'sun/nio/fs/WindowsException'{0x000000009d3fc2a0}> (0x000000009d3fc2a0) 
thrown [s\src\hotspot\share\prims\jni.cpp, line 517]
Event: 172.802 Thread 0x000001cf2bed0ce0 Exception <a 'sun/nio/fs/WindowsException'{0x000000009ca80f58}> (0x000000009ca80f58) 
thrown [s\src\hotspot\share\prims\jni.cpp, line 517]
Event: 172.802 Thread 0x000001cf276f4c60 Exception <a 'sun/nio/fs/WindowsException'{0x000000009c79aa90}> (0x000000009c79aa90) 
thrown [s\src\hotspot\share\prims\jni.cpp, line 517]
Event: 172.802 Thread 0x000001cf2948c2f0 Exception <a 'sun/nio/fs/WindowsException'{0x000000009cfab1c0}> (0x000000009cfab1c0) 
thrown [s\src\hotspot\share\prims\jni.cpp, line 517]
Event: 172.803 Thread 0x000001cf2948c2f0 Exception <a 'sun/nio/fs/WindowsException'{0x000000009cfab280}> (0x000000009cfab280) 
thrown [s\src\hotspot\share\prims\jni.cpp, line 517]
Event: 172.803 Thread 0x000001cf2948c2f0 Exception <a 'sun/nio/fs/WindowsException'{0x000000009cfab4c8}> (0x000000009cfab4c8) 
thrown [s\src\hotspot\share\prims\jni.cpp, line 517]

VM Operations (20 events):
Event: 172.052 Executing VM operation: HandshakeAllThreads
Event: 172.052 Executing VM operation: HandshakeAllThreads done
Event: 172.080 Executing VM operation: ICBufferFull
Event: 172.080 Executing VM operation: ICBufferFull done
Event: 172.209 Executing VM operation: HandshakeAllThreads
Event: 172.209 Executing VM operation: HandshakeAllThreads done
Event: 172.348 Executing VM operation: ICBufferFull
Event: 172.348 Executing VM operation: ICBufferFull done
Event: 172.370 Executing VM operation: HandshakeAllThreads
Event: 172.371 Executing VM operation: HandshakeAllThreads done
Event: 172.374 Executing VM operation: HandshakeAllThreads
Event: 172.374 Executing VM operation: HandshakeAllThreads done
Event: 172.404 Executing VM operation: HandshakeAllThreads
Event: 172.404 Executing VM operation: HandshakeAllThreads done
Event: 172.482 Executing VM operation: G1CollectForAllocation
Event: 172.485 Executing VM operation: G1CollectForAllocation done
Event: 172.535 Executing VM operation: G1CollectForAllocation
Event: 172.539 Executing VM operation: G1CollectForAllocation done
Event: 172.775 Executing VM operation: G1CollectForAllocation
Event: 172.777 Executing VM operation: G1CollectForAllocation done

Events (20 events):
Event: 172.717 Thread 0x000001cf2649ba60 Thread added: 0x000001cf2649ba60
Event: 172.717 Thread 0x000001cf2649c990 Thread added: 0x000001cf2649c990
Event: 172.718 Thread 0x000001cf2649d3b0 Thread added: 0x000001cf2649d3b0
Event: 172.718 Thread 0x000001cf2649ddd0 Thread added: 0x000001cf2649ddd0
Event: 172.718 Thread 0x000001cf2649ab30 Thread added: 0x000001cf2649ab30
Event: 172.719 Thread 0x000001cf2becee80 Thread added: 0x000001cf2becee80
Event: 172.719 Thread 0x000001cf2bed0ce0 Thread added: 0x000001cf2bed0ce0
Event: 172.719 Thread 0x000001cf276f4c60 Thread added: 0x000001cf276f4c60
Event: 172.720 Thread 0x000001cf2948c2f0 Thread added: 0x000001cf2948c2f0
Event: 172.720 Thread 0x000001cf2948d730 Thread added: 0x000001cf2948d730
Event: 172.721 Thread 0x000001cf2948dc40 Thread added: 0x000001cf2948dc40
Event: 172.721 Thread 0x000001cf2948e150 Thread added: 0x000001cf2948e150
Event: 172.722 Thread 0x000001cf2948a9a0 Thread added: 0x000001cf2948a9a0
Event: 172.722 Thread 0x000001cf2948bde0 Thread added: 0x000001cf2948bde0
Event: 172.722 Thread 0x000001cf2948aeb0 Thread added: 0x000001cf2948aeb0
Event: 172.723 Thread 0x000001cf28a898e0 Thread added: 0x000001cf28a898e0
Event: 172.739 loading class java/util/zip/ZipFile$EntrySpliterator
Event: 172.739 loading class java/util/Spliterators$AbstractSpliterator
Event: 172.739 loading class java/util/Spliterators$AbstractSpliterator done
Event: 172.739 loading class java/util/zip/ZipFile$EntrySpliterator done


Dynamic libraries:
0x00007ff782e40000 - 0x00007ff782e4a000 	C:\Program Files\Android\Android Studio\jbr\bin\java.exe
0x00007fff85bf0000 - 0x00007fff85e06000 	C:\Windows\SYSTEM32\ntdll.dll
0x00007fff845e0000 - 0x00007fff846a4000 	C:\Windows\System32\KERNEL32.DLL
0x00007fff82fe0000 - 0x00007fff83386000 	C:\Windows\System32\KERNELBASE.dll
0x00007fff80290000 - 0x00007fff80327000 	C:\Windows\SYSTEM32\apphelp.dll
0x00007fff83430000 - 0x00007fff83541000 	C:\Windows\System32\ucrtbase.dll
0x00007fff526e0000 - 0x00007fff526f7000 	C:\Program Files\Android\Android Studio\jbr\bin\jli.dll
0x00007fff84420000 - 0x00007fff845cd000 	C:\Windows\System32\USER32.dll
0x00007fff82f30000 - 0x00007fff82f56000 	C:\Windows\System32\win32u.dll
0x00007fff83ca0000 - 0x00007fff83cc9000 	C:\Windows\System32\GDI32.dll
0x00007fff65760000 - 0x00007fff659f3000 	C:\Windows\WinSxS\amd64_microsoft.windows.common-controls_6595b64144ccf1df_6.0.22621.3235_none_270f74e173860f98\COMCTL32.dll
0x00007fff836b0000 - 0x00007fff837c8000 	C:\Windows\System32\gdi32full.dll
0x00007fff84b00000 - 0x00007fff84ba7000 	C:\Windows\System32\msvcrt.dll
0x00007fff83610000 - 0x00007fff836aa000 	C:\Windows\System32\msvcp_win.dll
0x00007fff61e80000 - 0x00007fff61e9b000 	C:\Program Files\Android\Android Studio\jbr\bin\VCRUNTIME140.dll
0x00007fff83eb0000 - 0x00007fff83ee1000 	C:\Windows\System32\IMM32.DLL
0x00007fff749a0000 - 0x00007fff749ac000 	C:\Program Files\Android\Android Studio\jbr\bin\vcruntime140_1.dll
0x00007ffede3b0000 - 0x00007ffede43d000 	C:\Program Files\Android\Android Studio\jbr\bin\msvcp140.dll
0x00007ffee2330000 - 0x00007ffee2fb3000 	C:\Program Files\Android\Android Studio\jbr\bin\server\jvm.dll
0x00007fff83ac0000 - 0x00007fff83b72000 	C:\Windows\System32\ADVAPI32.dll
0x00007fff85a80000 - 0x00007fff85b28000 	C:\Windows\System32\sechost.dll
0x00007fff83400000 - 0x00007fff83428000 	C:\Windows\System32\bcrypt.dll
0x00007fff83940000 - 0x00007fff83a55000 	C:\Windows\System32\RPCRT4.dll
0x00007fff64180000 - 0x00007fff64189000 	C:\Windows\SYSTEM32\WSOCK32.dll
0x00007fff82840000 - 0x00007fff8288d000 	C:\Windows\SYSTEM32\POWRPROF.dll
0x00007fff75890000 - 0x00007fff758c4000 	C:\Windows\SYSTEM32\WINMM.dll
0x00007fff83cd0000 - 0x00007fff83d41000 	C:\Windows\System32\WS2_32.dll
0x00007fff7b8f0000 - 0x00007fff7b8fa000 	C:\Windows\SYSTEM32\VERSION.dll
0x00007fff827c0000 - 0x00007fff827d3000 	C:\Windows\SYSTEM32\UMPDC.dll
0x00007fff81f30000 - 0x00007fff81f48000 	C:\Windows\SYSTEM32\kernel.appcore.dll
0x00007fff72f10000 - 0x00007fff72f1a000 	C:\Program Files\Android\Android Studio\jbr\bin\jimage.dll
0x00007fff6f170000 - 0x00007fff6f3a3000 	C:\Windows\SYSTEM32\DBGHELP.DLL
0x00007fff85430000 - 0x00007fff857b8000 	C:\Windows\System32\combase.dll
0x00007fff84870000 - 0x00007fff84947000 	C:\Windows\System32\OLEAUT32.dll
0x00007fff6ee60000 - 0x00007fff6ee92000 	C:\Windows\SYSTEM32\dbgcore.DLL
0x00007fff82f60000 - 0x00007fff82fda000 	C:\Windows\System32\bcryptPrimitives.dll
0x00007fff55f50000 - 0x00007fff55f5e000 	C:\Program Files\Android\Android Studio\jbr\bin\instrument.dll
0x00007fff59b50000 - 0x00007fff59b75000 	C:\Program Files\Android\Android Studio\jbr\bin\java.dll
0x00007fff5c4c0000 - 0x00007fff5c4d8000 	C:\Program Files\Android\Android Studio\jbr\bin\zip.dll
0x00007fff84bd0000 - 0x00007fff8542d000 	C:\Windows\System32\SHELL32.dll
0x00007fff80e40000 - 0x00007fff81738000 	C:\Windows\SYSTEM32\windows.storage.dll
0x00007fff80d00000 - 0x00007fff80e3e000 	C:\Windows\SYSTEM32\wintypes.dll
0x00007fff83db0000 - 0x00007fff83ea3000 	C:\Windows\System32\SHCORE.dll
0x00007fff83a60000 - 0x00007fff83abe000 	C:\Windows\System32\shlwapi.dll
0x00007fff82e60000 - 0x00007fff82e86000 	C:\Windows\SYSTEM32\profapi.dll
0x00007fff5c460000 - 0x00007fff5c479000 	C:\Program Files\Android\Android Studio\jbr\bin\net.dll
0x00007fff7d030000 - 0x00007fff7d167000 	C:\Windows\SYSTEM32\WINHTTP.dll
0x00007fff823a0000 - 0x00007fff82409000 	C:\Windows\system32\mswsock.dll
0x00007fff5b0b0000 - 0x00007fff5b0c6000 	C:\Program Files\Android\Android Studio\jbr\bin\nio.dll
0x00007fff56370000 - 0x00007fff56380000 	C:\Program Files\Android\Android Studio\jbr\bin\verify.dll
0x00007fff57c70000 - 0x00007fff57c97000 	C:\Users\Pankaj\.gradle\native\68d5fa5c4cc2d200863cafc0d521ce42e7d3e7ee720ec0a83991735586a16f82\windows-amd64\native-platform.dll
0x00007ffede260000 - 0x00007ffede3a4000 	C:\Users\Pankaj\.gradle\native\e376f236ea51e6404a007f0833ffe2c6e607c4080706a723a18a27aeea778392\windows-amd64\native-platform-file-events.dll
0x00007fff5cb90000 - 0x00007fff5cb99000 	C:\Program Files\Android\Android Studio\jbr\bin\management.dll
0x00007fff56380000 - 0x00007fff5638b000 	C:\Program Files\Android\Android Studio\jbr\bin\management_ext.dll
0x00007fff84bc0000 - 0x00007fff84bc8000 	C:\Windows\System32\PSAPI.DLL
0x00007fff82760000 - 0x00007fff8277b000 	C:\Windows\SYSTEM32\CRYPTSP.dll
0x00007fff81e90000 - 0x00007fff81ec5000 	C:\Windows\system32\rsaenh.dll
0x00007fff82440000 - 0x00007fff8246c000 	C:\Windows\SYSTEM32\USERENV.dll
0x00007fff826d0000 - 0x00007fff826dc000 	C:\Windows\SYSTEM32\CRYPTBASE.dll
0x00007fff81990000 - 0x00007fff819bd000 	C:\Windows\SYSTEM32\IPHLPAPI.DLL
0x00007fff84bb0000 - 0x00007fff84bb9000 	C:\Windows\System32\NSI.dll
0x00007fff7d1e0000 - 0x00007fff7d1f9000 	C:\Windows\SYSTEM32\dhcpcsvc6.DLL
0x00007fff7cf70000 - 0x00007fff7cf8f000 	C:\Windows\SYSTEM32\dhcpcsvc.DLL
0x00007fff819c0000 - 0x00007fff81ab9000 	C:\Windows\SYSTEM32\DNSAPI.dll
0x00007fff6dc60000 - 0x00007fff6dc68000 	C:\Windows\system32\wshunix.dll
0x00007fff81f50000 - 0x00007fff81f84000 	C:\Windows\SYSTEM32\ntmarta.dll
0x00007fff7d1b0000 - 0x00007fff7d1ba000 	C:\Windows\System32\rasadhlp.dll
0x00007fff7c7c0000 - 0x00007fff7c843000 	C:\Windows\System32\fwpuclnt.dll

dbghelp: loaded successfully - version: 4.0.5 - missing functions: none
symbol engine: initialized successfully - sym options: 0x614 - pdb path: .;C:\Program Files\Android\Android Studio\jbr\bin;C:\Windows\SYSTEM32;C:\Windows\WinSxS\amd64_microsoft.windows.common-controls_6595b64144ccf1df_6.0.22621.3235_none_270f74e173860f98;C:\Program Files\Android\Android Studio\jbr\bin\server;C:\Users\Pankaj\.gradle\native\68d5fa5c4cc2d200863cafc0d521ce42e7d3e7ee720ec0a83991735586a16f82\windows-amd64;C:\Users\Pankaj\.gradle\native\e376f236ea51e6404a007f0833ffe2c6e607c4080706a723a18a27aeea778392\windows-amd64

VM Arguments:
jvm_args: --add-opens=java.base/java.util=ALL-UNNAMED --add-opens=java.base/java.lang=ALL-UNNAMED --add-opens=java.base/java.lang.invoke=ALL-UNNAMED --add-opens=java.prefs/java.util.prefs=ALL-UNNAMED --add-opens=java.base/java.nio.charset=ALL-UNNAMED --add-opens=java.base/java.net=ALL-UNNAMED --add-opens=java.base/java.util.concurrent.atomic=ALL-UNNAMED -Xmx2048m -Dfile.encoding=UTF-8 -Duser.country=CA -Duser.language=en -Duser.variant -javaagent:C:\Users\Pankaj\.gradle\wrapper\dists\gradle-8.2-bin\bbg7u40eoinfdyxsxr3z4i7ta\gradle-8.2\lib\agents\gradle-instrumentation-agent-8.2.jar 
java_command: org.gradle.launcher.daemon.bootstrap.GradleDaemon 8.2
java_class_path (initial): C:\Users\Pankaj\.gradle\wrapper\dists\gradle-8.2-bin\bbg7u40eoinfdyxsxr3z4i7ta\gradle-8.2\lib\gradle-launcher-8.2.jar
Launcher Type: SUN_STANDARD

[Global flags]
     intx CICompilerCount                          = 12                                        {product} {ergonomic}
     uint ConcGCThreads                            = 4                                         {product} {ergonomic}
     uint G1ConcRefinementThreads                  = 15                                        {product} {ergonomic}
   size_t G1HeapRegionSize                         = 1048576                                   {product} {ergonomic}
    uintx GCDrainStackTargetSize                   = 64                                        {product} {ergonomic}
   size_t InitialHeapSize                          = 534773760                                 {product} {ergonomic}
   size_t MarkStackSize                            = 4194304                                   {product} {ergonomic}
   size_t MaxHeapSize                              = 2147483648                                {product} {command line}
   size_t MaxNewSize                               = 1287651328                                {product} {ergonomic}
   size_t MinHeapDeltaBytes                        = 1048576                                   {product} {ergonomic}
   size_t MinHeapSize                              = 8388608                                   {product} {ergonomic}
    uintx NonNMethodCodeHeapSize                   = 7602480                                {pd product} {ergonomic}
    uintx NonProfiledCodeHeapSize                  = 122027880                              {pd product} {ergonomic}
    uintx ProfiledCodeHeapSize                     = 122027880                              {pd product} {ergonomic}
    uintx ReservedCodeCacheSize                    = 251658240                              {pd product} {ergonomic}
     bool SegmentedCodeCache                       = true                                      {product} {ergonomic}
   size_t SoftMaxHeapSize                          = 2147483648                             {manageable} {ergonomic}
     bool UseCompressedClassPointers               = true                           {product lp64_product} {ergonomic}
     bool UseCompressedOops                        = true                           {product lp64_product} {ergonomic}
     bool UseG1GC                                  = true                                      {product} {ergonomic}
     bool UseLargePagesIndividualAllocation        = false                                  {pd product} {ergonomic}

Logging:
Log output configuration:
 #0: stdout all=warning uptime,level,tags
 #1: stderr all=off uptime,level,tags

Environment Variables:
PATH=C:\Program Files\Google\Chrome\Application;C:\Program Files\Python312\Scripts\;C:\Program Files\Python312\;C:\Program Files\Eclipse Adoptium\jdk-21.0.2.13-hotspot\bin;C:\Program Files\Eclipse Adoptium\jre-21.0.2.13-hotspot\bin;C:\Windows\system32;C:\Windows;C:\Windows\System32\Wbem;C:\Windows\System32\WindowsPowerShell\v1.0\;C:\Windows\System32\OpenSSH\;C:\Program Files\PuTTY\;C:\Program Files\Microsoft VS Code\bin;C:\Users\Pankaj\AppData\Local\Microsoft\WindowsApps;C:\Users\Pankaj\AppData\Local\JetBrains\Toolbox\scripts;;C:\Users\Pankaj\.utils\llvm-mingw\bin
USERNAME=Pankaj
OS=Windows_NT
PROCESSOR_IDENTIFIER=Intel64 Family 6 Model 151 Stepping 2, GenuineIntel
TMP=C:\Users\Pankaj\AppData\Local\Temp
TEMP=C:\Users\Pankaj\AppData\Local\Temp



Periodic native trim disabled

JNI global refs:
JNI global refs: 45, weak refs: 38

JNI global refs memory usage: 843, weak refs: 841

OOME stack traces (most recent first):
Classloader memory used:
Loader org.gradle.internal.classloader.VisitableURLClassLoader                         : 14505K
Loader org.gradle.internal.classloader.VisitableURLClassLoader$InstrumentingVisitableURLClassLoader: 5811K
Loader bootstrap                                                                       : 4101K
Loader org.gradle.initialization.MixInLegacyTypesClassLoader                           : 1744K
Loader org.gradle.internal.classloader.VisitableURLClassLoader                         : 907K
Loader jdk.internal.reflect.DelegatingClassLoader                                      : 204K
Loader jdk.internal.loader.ClassLoaders$PlatformClassLoader                            : 108K
Loader jdk.internal.jrtfs.JrtFileSystemProvider$JrtFsLoader                            : 44027B
Loader jdk.internal.loader.ClassLoaders$AppClassLoader                                 : 28458B
Loader org.codehaus.groovy.runtime.callsite.CallSiteClassLoader                        : 10621B
Loader org.gradle.groovy.scripts.internal.DefaultScriptCompilationHandler$ScriptClassLoader: 9734B
Loader sun.reflect.misc.MethodUtil                                                     : 373B

Classes loaded by more than one classloader:
Class Program                                                                         : loaded 5 times (x 70B)
Class com.google.common.base.CharMatcher$JavaUpperCase                                : loaded 3 times (x 109B)
Class com.google.common.collect.RegularImmutableList                                  : loaded 3 times (x 172B)
Class com.google.common.base.CharMatcher$IsEither                                     : loaded 3 times (x 109B)
Class com.google.common.base.CharMatcher$AnyOf                                        : loaded 3 times (x 110B)
Class com.google.common.collect.ImmutableAsList                                       : loaded 3 times (x 169B)
Class com.google.common.collect.Iterators$MergingIterator                             : loaded 3 times (x 79B)
Class com.google.common.collect.Platform                                              : loaded 3 times (x 69B)
Class com.google.common.base.CharMatcher$JavaLetter                                   : loaded 3 times (x 109B)
Class com.google.common.base.CharMatcher$FastMatcher                                  : loaded 3 times (x 109B)
Class com.google.common.base.Joiner$2                                                 : loaded 3 times (x 77B)
Class com.google.common.base.Joiner$1                                                 : loaded 3 times (x 78B)
Class com.google.common.base.CharMatcher$Invisible                                    : loaded 3 times (x 110B)
Class com.google.common.collect.ImmutableMapEntry                                     : loaded 3 times (x 83B)
Class com.google.common.base.CharMatcher$NamedFastMatcher                             : loaded 3 times (x 110B)
Class com.google.common.base.AbstractIterator$State                                   : loaded 3 times (x 77B)
Class com.google.common.collect.ImmutableSet                                          : loaded 3 times (x 143B)
Class org.gradle.internal.Cast                                                        : loaded 3 times (x 69B)
Class com.google.common.collect.ImmutableBiMap                                        : loaded 3 times (x 141B)
Class [Lcom.google.common.collect.AbstractMapEntry;                                   : loaded 3 times (x 67B)
Class com.google.common.base.Objects                                                  : loaded 3 times (x 69B)
Class com.google.common.collect.ImmutableMap$MapViewOfValuesAsSingletonSets           : loaded 3 times (x 123B)
Class com.google.common.collect.SingletonImmutableList                                : loaded 3 times (x 167B)
Class com.google.common.base.CharMatcher$ForPredicate                                 : loaded 3 times (x 110B)
Class com.google.common.collect.ImmutableSet$Builder                                  : loaded 3 times (x 83B)
Class com.google.common.base.CharMatcher$Negated                                      : loaded 3 times (x 111B)
Class com.google.common.collect.ImmutableList$Builder                                 : loaded 3 times (x 75B)
Class com.google.common.collect.AbstractMapEntry                                      : loaded 3 times (x 79B)
Class com.google.common.base.NullnessCasts                                            : loaded 3 times (x 69B)
Class com.google.common.collect.AbstractIterator                                      : loaded 3 times (x 80B)
Class com.google.common.base.CharMatcher$NegatedFastMatcher                           : loaded 3 times (x 111B)
Class com.google.common.base.CommonPattern                                            : loaded 3 times (x 72B)
Class com.google.common.collect.ImmutableCollection$Builder                           : loaded 3 times (x 74B)
Class com.google.common.base.CharMatcher$JavaLowerCase                                : loaded 3 times (x 109B)
Class com.google.common.collect.Iterables                                             : loaded 3 times (x 69B)
Class com.google.common.base.CharMatcher$Or                                           : loaded 3 times (x 110B)
Class com.google.common.collect.ImmutableMap$1                                        : loaded 3 times (x 79B)
Class com.google.common.base.CharMatcher$JavaDigit                                    : loaded 3 times (x 109B)
Class com.google.common.base.CharMatcher$JavaIsoControl                               : loaded 3 times (x 110B)
Class com.google.common.base.CharMatcher$Digit                                        : loaded 3 times (x 110B)
Class com.google.common.collect.AbstractMultimap                                      : loaded 3 times (x 121B)
Class com.google.common.collect.ImmutableSet$SetBuilderImpl                           : loaded 3 times (x 74B)
Class com.google.common.base.Splitter$1                                               : loaded 3 times (x 75B)
Class com.google.common.collect.ImmutableList$SubList                                 : loaded 3 times (x 168B)
Class com.google.common.base.CharMatcher$RangesMatcher                                : loaded 3 times (x 110B)
Class com.google.common.collect.ImmutableMapEntry$NonTerminalImmutableMapEntry        : loaded 3 times (x 83B)
Class com.google.common.base.CharMatcher$Any                                          : loaded 3 times (x 110B)
Class com.google.common.base.ExtraObjectsMethodsForWeb                                : loaded 3 times (x 69B)
Class com.google.common.collect.IndexedImmutableSet                                   : loaded 3 times (x 148B)
Class org.gradle.api.Action                                                           : loaded 3 times (x 68B)
Class com.google.common.base.CharMatcher$And                                          : loaded 3 times (x 110B)
Class org.gradle.api.UncheckedIOException                                             : loaded 3 times (x 80B)
Class com.google.common.base.CharMatcher$Ascii                                        : loaded 3 times (x 110B)
Class com.google.common.base.CharMatcher$1                                            : loaded 3 times (x 111B)
Class com.google.common.collect.Iterators                                             : loaded 3 times (x 69B)
Class com.google.common.base.AbstractIterator$1                                       : loaded 3 times (x 69B)
Class com.google.common.base.AbstractIterator                                         : loaded 3 times (x 78B)
Class com.google.common.collect.ImmutableMap$Builder                                  : loaded 3 times (x 80B)
Class com.google.common.collect.ImmutableEntry                                        : loaded 3 times (x 80B)
Class com.google.common.collect.Lists$StringAsImmutableList                           : loaded 3 times (x 167B)
Class [Lcom.google.common.base.AbstractIterator$State;                                : loaded 3 times (x 67B)
Class com.google.common.collect.SingletonImmutableSet                                 : loaded 3 times (x 144B)
Class com.google.common.collect.ImmutableBiMapFauxverideShim                          : loaded 3 times (x 118B)
Class com.google.common.collect.ImmutableMapEntrySet                                  : loaded 3 times (x 149B)
Class com.google.common.collect.ImmutableSetMultimap                                  : loaded 3 times (x 178B)
Class com.google.common.collect.PeekingIterator                                       : loaded 3 times (x 68B)
Class com.google.common.collect.RegularImmutableAsList                                : loaded 3 times (x 176B)
Class com.google.common.base.CharMatcher$Is                                           : loaded 3 times (x 109B)
Class com.google.common.base.Splitter$SplittingIterator                               : loaded 3 times (x 82B)
Class com.google.common.collect.ImmutableSet$CachingAsList                            : loaded 3 times (x 145B)
Class [Lcom.google.common.collect.ImmutableEntry;                                     : loaded 3 times (x 67B)
Class com.google.common.collect.ImmutableSet$RegularSetBuilderImpl                    : loaded 3 times (x 75B)
Class com.google.common.base.Splitter$1$1                                             : loaded 3 times (x 84B)
Class com.google.common.base.CharMatcher                                              : loaded 3 times (x 109B)
Class [Lcom.google.common.collect.ImmutableMapEntry;                                  : loaded 3 times (x 67B)
Class com.google.common.collect.ImmutableMapEntrySet$RegularEntrySet                  : loaded 3 times (x 149B)
Class com.google.common.base.Splitter$Strategy                                        : loaded 3 times (x 68B)
Class com.google.common.collect.ImmutableList$1                                       : loaded 3 times (x 95B)
Class com.google.common.base.CharMatcher$IsNot                                        : loaded 3 times (x 109B)
Class com.google.common.collect.UnmodifiableListIterator                              : loaded 3 times (x 93B)
Class com.google.common.base.CharMatcher$None                                         : loaded 3 times (x 110B)
Class com.google.common.collect.AbstractIndexedListIterator                           : loaded 3 times (x 94B)
Class com.google.common.collect.RegularImmutableMap                                   : loaded 3 times (x 119B)
Class com.google.common.collect.CollectPreconditions                                  : loaded 3 times (x 69B)
Class com.google.common.collect.RegularImmutableMap$KeySet                            : loaded 3 times (x 148B)
Class org.gradle.internal.IoActions                                                   : loaded 3 times (x 69B)
Class com.google.common.collect.Iterators$9                                           : loaded 3 times (x 79B)
Class com.google.common.collect.SetMultimap                                           : loaded 3 times (x 68B)
Class com.google.common.base.Function                                                 : loaded 3 times (x 68B)
Class com.google.common.base.Preconditions                                            : loaded 3 times (x 69B)
Class com.google.common.base.Joiner                                                   : loaded 3 times (x 77B)
Class com.google.common.collect.Iterators$5                                           : loaded 3 times (x 80B)
Class com.google.common.base.Splitter                                                 : loaded 3 times (x 70B)
Class com.google.common.collect.RegularImmutableMap$BucketOverflowException           : loaded 3 times (x 80B)
Class com.google.common.collect.Iterators$ArrayItr                                    : loaded 3 times (x 95B)
Class com.google.common.collect.Iterators$4                                           : loaded 3 times (x 80B)
Class com.google.common.collect.BaseImmutableMultimap                                 : loaded 3 times (x 121B)
Class com.google.common.collect.Iterators$1                                           : loaded 3 times (x 79B)
Class com.google.common.base.CharMatcher$Whitespace                                   : loaded 3 times (x 110B)
Class com.google.common.collect.ImmutableList                                         : loaded 3 times (x 166B)
Class com.google.common.collect.Iterators$10                                          : loaded 3 times (x 79B)
Class com.google.common.collect.ObjectArrays                                          : loaded 3 times (x 69B)
Class com.google.common.collect.ImmutableList$ReverseImmutableList                    : loaded 3 times (x 168B)
Class com.google.common.collect.RegularImmutableMap$Values                            : loaded 3 times (x 167B)
Class com.google.common.collect.ImmutableCollection                                   : loaded 3 times (x 123B)
Class com.google.common.base.CharMatcher$JavaLetterOrDigit                            : loaded 3 times (x 109B)
Class com.google.common.base.CharMatcher$BitSetMatcher                                : loaded 3 times (x 110B)
Class org.gradle.api.GradleException                                                  : loaded 3 times (x 80B)
Class com.google.common.collect.ImmutableMap$IteratorBasedImmutableMap                : loaded 3 times (x 123B)
Class com.google.common.collect.Multimap                                              : loaded 3 times (x 68B)
Class com.google.common.base.JdkPattern                                               : loaded 3 times (x 73B)
Class com.google.common.base.CharMatcher$SingleWidth                                  : loaded 3 times (x 110B)
Class com.google.common.collect.UnmodifiableIterator                                  : loaded 3 times (x 78B)
Class com.google.common.collect.ImmutableMap                                          : loaded 3 times (x 118B)
Class com.google.common.collect.ImmutableMultimap                                     : loaded 3 times (x 145B)
Class com.google.common.collect.Lists                                                 : loaded 3 times (x 69B)
Class com.google.common.collect.BiMap                                                 : loaded 3 times (x 68B)
Class com.google.common.base.CharMatcher$InRange                                      : loaded 3 times (x 109B)
Class com.google.common.collect.RegularImmutableSet                                   : loaded 3 times (x 146B)
Class com.google.common.base.Predicate                                                : loaded 3 times (x 68B)
Class com.google.common.collect.ImmutableSet$EmptySetBuilderImpl                      : loaded 2 times (x 74B)
Class com.android.builder.model.v2.ide.ProjectType                                    : loaded 2 times (x 77B)
Class com.amazon.ion.IonBlob                                                          : loaded 2 times (x 68B)
Class kotlin.comparisons.ComparisonsKt                                                : loaded 2 times (x 69B)
Class kotlin.io.FilesKt                                                               : loaded 2 times (x 69B)
Class com.google.common.io.CharSource$ConcatenatedCharSource                          : loaded 2 times (x 84B)
Class kotlin.collections.CollectionsKt__CollectionsKt                                 : loaded 2 times (x 69B)
Class kotlin.io.FileSystemException                                                   : loaded 2 times (x 80B)
Class com.google.common.base.Equivalence                                              : loaded 2 times (x 80B)
Class com.amazon.ion.impl.lite.ContainerlessContext                                   : loaded 2 times (x 78B)
Class kotlin.coroutines.jvm.internal.RestrictedSuspendLambda                          : loaded 2 times (x 89B)
Class com.google.common.hash.HashFunction                                             : loaded 2 times (x 68B)
Class com.google.common.primitives.Ints                                               : loaded 2 times (x 69B)
Class com.google.common.cache.LocalCache$EntryFactory$1                               : loaded 2 times (x 81B)
Class com.google.gson.stream.JsonReader$1                                             : loaded 2 times (x 70B)
Class org.gradle.tooling.model.build.JavaEnvironment                                  : loaded 2 times (x 68B)
Class org.gradle.tooling.internal.adapter.ProtocolToModelAdapter$PropertyCachingMethodInvoker: loaded 2 times (x 74B)
Class com.google.common.cache.LocalCache$EntryFactory$2                               : loaded 2 times (x 81B)
Class com.amazon.ion.IonDecimal                                                       : loaded 2 times (x 68B)
Class kotlin.collections.ArraysKt__ArraysKt                                           : loaded 2 times (x 69B)
Class com.google.common.cache.LocalCache$EntryFactory$3                               : loaded 2 times (x 81B)
Class com.google.common.cache.LocalCache$EntryFactory$4                               : loaded 2 times (x 81B)
Class org.gradle.tooling.internal.adapter.ProtocolToModelAdapter$NoOpDecoration       : loaded 2 times (x 77B)
Class com.google.common.cache.LocalCache$EntryFactory$5                               : loaded 2 times (x 81B)
Class com.google.common.cache.LocalCache$EntryFactory$6                               : loaded 2 times (x 81B)
Class com.google.common.cache.LocalCache$EntryFactory$7                               : loaded 2 times (x 81B)
Class org.gradle.internal.time.MonotonicClock                                         : loaded 2 times (x 75B)
Class com.google.common.cache.LocalCache$EntryFactory$8                               : loaded 2 times (x 81B)
Class org.gradle.tooling.internal.adapter.ProtocolToModelAdapter$SupportedPropertyInvoker: loaded 2 times (x 74B)
Class kotlin.reflect.KDeclarationContainer                                            : loaded 2 times (x 68B)
Class com.android.builder.model.v2.models.ModelBuilderParameter                       : loaded 2 times (x 68B)
Class com.amazon.ion.impl.bin.IonRawBinaryWriter$PreallocationMode$1                  : loaded 2 times (x 79B)
Class kotlin.collections.ArrayDeque$Companion                                         : loaded 2 times (x 69B)
Class com.amazon.ion.impl.bin.IonRawBinaryWriter$PreallocationMode$2                  : loaded 2 times (x 79B)
Class com.google.common.cache.LocalCache$StrongValueReference                         : loaded 2 times (x 88B)
Class com.amazon.ion.impl.bin.IonRawBinaryWriter$PreallocationMode$3                  : loaded 2 times (x 79B)
Class kotlin.text.StringsKt                                                           : loaded 2 times (x 69B)
Class org.gradle.internal.classloader.FilteringClassLoader                            : loaded 2 times (x 103B)
Class com.amazon.ion.impl.lite.IonSymbolLite                                          : loaded 2 times (x 162B)
Class com.google.common.collect.AbstractMapBasedMultimap$WrappedCollection            : loaded 2 times (x 122B)
Class com.amazon.ion.impl.lite.IonContext                                             : loaded 2 times (x 68B)
Class kotlin.collections.AbstractMutableList                                          : loaded 2 times (x 166B)
Class com.google.common.collect.ImmutableSortedSetFauxverideShim                      : loaded 2 times (x 145B)
Class jdk.internal.jimage.ImageReader$Resource                                        : loaded 2 times (x 82B)
Class org.jetbrains.plugins.gradle.tooling.serialization.SerializationService         : loaded 2 times (x 68B)
Class kotlin.jvm.internal.Lambda                                                      : loaded 2 times (x 73B)
Class org.gradle.tooling.model.idea.IdeaDependencyScope                               : loaded 2 times (x 68B)
Class jdk.internal.jrtfs.SystemImage                                                  : loaded 2 times (x 72B)
Class org.gradle.tooling.model.Model                                                  : loaded 2 times (x 68B)
Class [Lcom.google.common.cache.LocalCache$Strength;                                  : loaded 2 times (x 67B)
Class kotlin.reflect.KCallable                                                        : loaded 2 times (x 68B)
Class org.gradle.internal.classpath.DefaultClassPath$ImmutableUniqueList$Builder      : loaded 2 times (x 73B)
Class com.google.common.collect.AbstractRangeSet                                      : loaded 2 times (x 112B)
Class com.amazon.ion.impl.bin.IonManagedBinaryWriter$ImportedSymbolResolverMode$1$1   : loaded 2 times (x 76B)
Class kotlin.UninitializedPropertyAccessException                                     : loaded 2 times (x 80B)
Class com.amazon.ion.impl._Private_IonContainer                                       : loaded 2 times (x 68B)
Class com.google.common.collect.Maps$8                                                : loaded 2 times (x 80B)
Class com.android.utils.FileUtils                                                     : loaded 2 times (x 69B)
Class com.google.common.base.PatternCompiler                                          : loaded 2 times (x 68B)
Class [Lcom.google.common.cache.CacheBuilder$NullListener;                            : loaded 2 times (x 67B)
Class com.google.common.io.CharStreams$NullWriter                                     : loaded 2 times (x 97B)
Class org.gradle.tooling.model.UnsupportedMethodException                             : loaded 2 times (x 80B)
Class kotlin.Result$Failure                                                           : loaded 2 times (x 70B)
Class com.google.common.collect.Maps$KeySet                                           : loaded 2 times (x 135B)
Class com.google.common.collect.ImmutableMultimap$EntryCollection                     : loaded 2 times (x 125B)
Class org.jetbrains.kotlin.idea.gradleTooling.KotlinSourceSetContainer                : loaded 2 times (x 68B)
Class kotlin.Result$Companion                                                         : loaded 2 times (x 69B)
Class com.google.common.collect.Sets$SetView                                          : loaded 2 times (x 136B)
Class com.amazon.ion.impl.bin.IonRawBinaryWriter$PatchList$Node                       : loaded 2 times (x 70B)
Class com.google.common.base.Converter                                                : loaded 2 times (x 88B)
Class jdk.internal.jrtfs.JrtDirectoryStream$1                                         : loaded 2 times (x 81B)
Class kotlin.collections.IntIterator                                                  : loaded 2 times (x 80B)
Class org.objectweb.asm.AnnotationWriter                                              : loaded 2 times (x 76B)
Class com.amazon.ion.IonMutableCatalog                                                : loaded 2 times (x 68B)
Class com.google.common.math.IntMath$1                                                : loaded 2 times (x 69B)
Class kotlin.jvm.internal.markers.KMutableIterable                                    : loaded 2 times (x 68B)
Class org.gradle.internal.classloader.ClassLoaderVisitor                              : loaded 2 times (x 74B)
Class org.objectweb.asm.tree.InsnNode                                                 : loaded 2 times (x 76B)
Class org.objectweb.asm.Label                                                         : loaded 2 times (x 71B)
Class com.google.common.cache.CacheBuilder$NullListener                               : loaded 2 times (x 80B)
Class org.gradle.tooling.internal.adapter.ProtocolToModelAdapter$MethodInvocationCache$MethodInvocationKey: loaded 2 times (x 71B)
Class org.jetbrains.plugins.gradle.tooling.serialization.internal.adapter.Supplier    : loaded 2 times (x 68B)
Class com.android.builder.model.v2.models.Versions$Version                            : loaded 2 times (x 68B)
Class kotlin.jvm.internal.CallableReference                                           : loaded 2 times (x 104B)
Class com.amazon.ion.impl.SharedSymbolTable                                           : loaded 2 times (x 91B)
Class com.android.ide.common.repository.AgpVersion$Companion                          : loaded 2 times (x 69B)
Class com.google.common.math.MathPreconditions                                        : loaded 2 times (x 69B)
Class gnu.trove.Equality                                                              : loaded 2 times (x 68B)
Class org.gradle.internal.time.DefaultCountdownTimer                                  : loaded 2 times (x 86B)
Class com.google.common.io.ByteStreams$1                                              : loaded 2 times (x 83B)
Class [Lcom.amazon.ion.SymbolToken;                                                   : loaded 2 times (x 67B)
Class com.amazon.ion.impl.bin.IonManagedBinaryWriter$ImportedSymbolResolverMode       : loaded 2 times (x 78B)
Class com.google.common.hash.AbstractHashFunction                                     : loaded 2 times (x 93B)
Class kotlin.text.StringsKt__RegexExtensionsKt                                        : loaded 2 times (x 69B)
Class org.gradle.tooling.internal.adapter.CollectionMapper                            : loaded 2 times (x 71B)
Class com.amazon.ion.impl._Private_LocalSymbolTableFactory                            : loaded 2 times (x 68B)
Class com.android.builder.model.v2.ide.TestInfo                                       : loaded 2 times (x 68B)
Class org.gradle.internal.service.DefaultServiceLocator                               : loaded 2 times (x 81B)
Class com.amazon.ion.impl.lite.IonFloatLite                                           : loaded 2 times (x 153B)
Class kotlin.text.StringsKt__StringBuilderJVMKt                                       : loaded 2 times (x 69B)
Class org.gradle.internal.service.UnknownServiceException                             : loaded 2 times (x 81B)
Class org.jetbrains.plugins.gradle.model.ClasspathEntryModel                          : loaded 2 times (x 68B)
Class org.objectweb.asm.tree.LineNumberNode                                           : loaded 2 times (x 77B)
Class kotlin.collections.SetsKt___SetsKt                                              : loaded 2 times (x 69B)
Class com.google.common.util.concurrent.AbstractFuture$SynchronizedHelper             : loaded 2 times (x 76B)
Class com.google.common.collect.ArrayListMultimap                                     : loaded 2 times (x 170B)
Class com.amazon.ion.impl.lite.IonBlobLite                                            : loaded 2 times (x 159B)
Class kotlin.text.StringsKt__StringsJVMKt                                             : loaded 2 times (x 69B)
Class com.google.common.base.Strings                                                  : loaded 2 times (x 69B)
Class com.amazon.ion.IonClob                                                          : loaded 2 times (x 68B)
Class com.android.builder.model.v2.models.BasicAndroidProject                         : loaded 2 times (x 68B)
Class org.jetbrains.plugins.gradle.model.DependencyAccessorsModel                     : loaded 2 times (x 68B)
Class com.google.common.io.Closer                                                     : loaded 2 times (x 76B)
Class kotlin.collections.CollectionsKt___CollectionsKt$asSequence$$inlined$Sequence$1 : loaded 2 times (x 73B)
Class com.google.common.cache.CacheLoader$InvalidCacheLoadException                   : loaded 2 times (x 80B)
Class org.gradle.tooling.model.idea.IdeaCompilerOutput                                : loaded 2 times (x 68B)
Class org.gradle.internal.classloader.DefaultClassLoaderFactory                       : loaded 2 times (x 80B)
Class com.google.common.hash.AbstractByteHasher                                       : loaded 2 times (x 145B)
Class com.google.common.io.Files$FileByteSource                                       : loaded 2 times (x 83B)
Class jdk.internal.jimage.ImageReader$SharedImageReader                               : loaded 2 times (x 93B)
Class org.jetbrains.plugins.gradle.model.internal.TurnOffDefaultTasks                 : loaded 2 times (x 68B)
Class com.google.common.base.Stopwatch                                                : loaded 2 times (x 70B)
Class com.google.common.base.Platform$JdkPatternCompiler                              : loaded 2 times (x 73B)
Class com.amazon.ion.UnsupportedIonVersionException                                   : loaded 2 times (x 83B)
Class org.jetbrains.plugins.gradle.tooling.ModelBuilderService$Parameter              : loaded 2 times (x 68B)
Class com.google.common.collect.Interners$InternerImpl                                : loaded 2 times (x 73B)
Class com.android.builder.model.v2.ide.AndroidArtifact                                : loaded 2 times (x 68B)
Class com.google.common.cache.LocalCache$LoadingValueReference                        : loaded 2 times (x 94B)
Class kotlin.collections.CollectionsKt__MutableCollectionsKt                          : loaded 2 times (x 69B)
Class org.gradle.tooling.internal.adapter.ProtocolToModelAdapter$DefaultViewBuilder   : loaded 2 times (x 78B)
Class kotlin.ResultKt                                                                 : loaded 2 times (x 69B)
Class kotlin.ranges.IntProgression                                                    : loaded 2 times (x 79B)
Class com.android.builder.model.v2.ide.AndroidGradlePluginProjectFlags$BooleanFlag    : loaded 2 times (x 77B)
Class com.android.builder.model.v2.ide.CodeShrinker                                   : loaded 2 times (x 77B)
Class com.google.common.collect.Hashing                                               : loaded 2 times (x 69B)
Class com.google.common.io.ByteStreams$LimitedInputStream                             : loaded 2 times (x 90B)
Class com.amazon.ion.impl.LocalSymbolTable                                            : loaded 2 times (x 115B)
Class org.jetbrains.plugins.gradle.model.internal.DummyModel                          : loaded 2 times (x 68B)
Class org.jetbrains.plugins.gradle.model.GradleExtensions                             : loaded 2 times (x 68B)
Class com.google.common.collect.MapMakerInternalMap$AbstractStrongKeyEntry            : loaded 2 times (x 80B)
Class com.google.common.collect.ImmutableRangeSet$ComplementRanges                    : loaded 2 times (x 167B)
Class org.objectweb.asm.Context                                                       : loaded 2 times (x 70B)
Class org.jetbrains.plugins.gradle.tooling.serialization.GradleExtensionsSerializationService$WriteContext: loaded 2 times (x 70B)
Class ijInit1_74fwclrsg0b1yr26dv92ruv7x                                               : loaded 2 times (x 177B)
Class kotlin.collections.CollectionsKt__ReversedViewsKt                               : loaded 2 times (x 69B)
Class org.objectweb.asm.tree.AbstractInsnNode                                         : loaded 2 times (x 76B)
Class com.android.ide.common.repository.AgpVersion$PreviewKind$Companion              : loaded 2 times (x 69B)
Class kotlin.text.MatchNamedGroupCollection                                           : loaded 2 times (x 68B)
Class com.google.common.base.Optional                                                 : loaded 2 times (x 78B)
Class org.gradle.internal.exceptions.DefaultMultiCauseException                       : loaded 2 times (x 89B)
Class jdk.internal.jimage.decompressor.ZipDecompressorFactory                         : loaded 2 times (x 72B)
Class com.amazon.ion.impl.LocalSymbolTableAsStruct$Factory                            : loaded 2 times (x 77B)
Class org.gradle.internal.impldep.gnu.trove.PrimeFinder                               : loaded 2 times (x 69B)
Class com.google.common.base.FunctionalEquivalence                                    : loaded 2 times (x 81B)
Class com.amazon.ion.impl.bin.IonRawBinaryWriter$PatchList                            : loaded 2 times (x 83B)
Class org.objectweb.asm.AnnotationVisitor                                             : loaded 2 times (x 75B)
Class org.objectweb.asm.RecordComponentWriter                                         : loaded 2 times (x 76B)
Class com.amazon.ion.impl.bin.Symbols                                                 : loaded 2 times (x 69B)
Class kotlin.sequences.SequenceScope                                                  : loaded 2 times (x 71B)
Class com.google.common.cache.LocalCache$1                                            : loaded 2 times (x 87B)
Class com.google.common.cache.LocalCache$2                                            : loaded 2 times (x 140B)
Class com.amazon.ion.impl.IonWriterSystemText                                         : loaded 2 times (x 188B)
Class kotlin.collections.AbstractIterator$WhenMappings                                : loaded 2 times (x 69B)
Class com.google.common.collect.RegularImmutableBiMap                                 : loaded 2 times (x 146B)
Class com.android.builder.model.v2.ide.TestedTargetVariant                            : loaded 2 times (x 68B)
Class kotlin.sequences.SequencesKt__SequenceBuilderKt                                 : loaded 2 times (x 69B)
Class org.jetbrains.plugins.gradle.tooling.serialization.internal.IdeaProjectSerializationService$WriteContext$1: loaded 2 times (x 81B)
Class org.objectweb.asm.tree.LdcInsnNode                                              : loaded 2 times (x 76B)
Class org.jetbrains.plugins.gradle.tooling.serialization.internal.IdeaProjectSerializationService$WriteContext$2: loaded 2 times (x 81B)
Class org.jetbrains.plugins.gradle.model.VersionCatalogsModel                         : loaded 2 times (x 68B)
Class org.jetbrains.plugins.gradle.tooling.serialization.internal.IdeaProjectSerializationService$WriteContext$3: loaded 2 times (x 81B)
Class org.jetbrains.kotlin.idea.gradleTooling.AndroidAwareGradleModelProvider$Companion: loaded 2 times (x 69B)
Class org.jetbrains.plugins.gradle.tooling.serialization.internal.IdeaProjectSerializationService$WriteContext$4: loaded 2 times (x 81B)
Class kotlin.text.StringsKt__StringNumberConversionsKt                                : loaded 2 times (x 69B)
Class org.gradle.internal.classloader.VisitableURLClassLoader$Spec                    : loaded 2 times (x 72B)
Class org.objectweb.asm.tree.TypeInsnNode                                             : loaded 2 times (x 77B)
Class org.jetbrains.plugins.gradle.tooling.serialization.internal.IdeaProjectSerializationService$WriteContext$5: loaded 2 times (x 81B)
Class org.gradle.tooling.model.ProjectModel                                           : loaded 2 times (x 68B)
Class org.gradle.internal.impldep.gnu.trove.TObjectIdentityHashingStrategy            : loaded 2 times (x 76B)
Class org.jetbrains.plugins.gradle.tooling.serialization.internal.IdeaProjectSerializationService$WriteContext$6: loaded 2 times (x 81B)
Class com.amazon.ion.impl.bin._Private_IonManagedWriter                               : loaded 2 times (x 68B)
Class com.android.builder.model.v2.dsl.BaseConfig                                     : loaded 2 times (x 68B)
Class org.jetbrains.plugins.gradle.tooling.serialization.internal.IdeaProjectSerializationService$WriteContext$7: loaded 2 times (x 81B)
Class org.gradle.tooling.internal.gradle.DefaultProjectIdentifier                     : loaded 2 times (x 84B)
Class org.jetbrains.plugins.gradle.tooling.serialization.internal.IdeaProjectSerializationService$WriteContext$8: loaded 2 times (x 81B)
Class com.intellij.util.containers.IntObjectHashMap                                   : loaded 2 times (x 70B)
Class org.gradle.api.internal.classpath.ModuleRegistry                                : loaded 2 times (x 68B)
Class com.google.common.hash.HashCode$LongHashCode                                    : loaded 2 times (x 78B)
Class com.google.common.collect.ForwardingObject                                      : loaded 2 times (x 70B)
Class kotlin.KotlinNothingValueException                                              : loaded 2 times (x 80B)
Class com.google.common.cache.CacheBuilder                                            : loaded 2 times (x 70B)
Class org.objectweb.asm.ByteVector                                                    : loaded 2 times (x 76B)
Class jdk.internal.jrtfs.SystemImage$2                                                : loaded 2 times (x 74B)
Class com.amazon.ion.impl.bin.PooledBlockAllocatorProvider$PooledBlockAllocator       : loaded 2 times (x 79B)
Class com.android.builder.model.v2.ide.LibraryType                                    : loaded 2 times (x 77B)
Class org.jetbrains.plugins.gradle.model.RepositoriesModel                            : loaded 2 times (x 68B)
Class org.gradle.api.JavaVersion                                                      : loaded 2 times (x 77B)
Class kotlin.jvm.internal.markers.KMutableCollection                                  : loaded 2 times (x 68B)
Class com.google.common.collect.ImmutableRangeSet                                     : loaded 2 times (x 113B)
Class org.objectweb.asm.tree.LookupSwitchInsnNode                                     : loaded 2 times (x 76B)
Class com.google.common.base.PairwiseEquivalence                                      : loaded 2 times (x 81B)
Class com.google.common.base.Ticker                                                   : loaded 2 times (x 70B)
Class kotlin.jvm.internal.markers.KMappedMarker                                       : loaded 2 times (x 68B)
Class com.amazon.ion.impl.bin.WriteBuffer                                             : loaded 2 times (x 76B)
Class org.gradle.tooling.internal.adapter.TypeInspector                               : loaded 2 times (x 71B)
Class org.gradle.api.internal.ClassPathProvider                                       : loaded 2 times (x 68B)
Class com.google.common.base.Ascii                                                    : loaded 2 times (x 69B)
Class com.google.common.util.concurrent.AbstractFuture$Failure                        : loaded 2 times (x 70B)
Class org.objectweb.asm.ModuleWriter                                                  : loaded 2 times (x 79B)
Class org.gradle.internal.classloader.ClasspathUtil$1                                 : loaded 2 times (x 74B)
Class com.android.builder.model.v2.dsl.DependenciesInfo                               : loaded 2 times (x 68B)
Class com.google.common.io.ByteSource$AsCharSource                                    : loaded 2 times (x 84B)
Class org.jetbrains.plugins.gradle.tooling.serialization.ExternalTestsSerializationService$ReadContext: loaded 2 times (x 70B)
Class com.google.common.collect.ImmutableEnumMap                                      : loaded 2 times (x 123B)
Class org.gradle.tooling.model.DomainObjectSet                                        : loaded 2 times (x 68B)
Class org.objectweb.asm.tree.MultiANewArrayInsnNode                                   : loaded 2 times (x 77B)
Class org.objectweb.asm.tree.MethodInsnNode                                           : loaded 2 times (x 78B)
Class com.amazon.ion.IonSymbol                                                        : loaded 2 times (x 68B)
Class org.jetbrains.plugins.gradle.model.ExternalProjectDependency                    : loaded 2 times (x 68B)
Class com.google.common.collect.ForwardingMap                                         : loaded 2 times (x 130B)
Class org.jetbrains.plugins.gradle.model.ExternalSourceSet                            : loaded 2 times (x 68B)
Class kotlin.sequences.TransformingSequence                                           : loaded 2 times (x 73B)
Class jdk.internal.jrtfs.SystemImage$1                                                : loaded 2 times (x 76B)
Class com.google.common.hash.AbstractHasher                                           : loaded 2 times (x 140B)
Class org.objectweb.asm.tree.FieldNode                                                : loaded 2 times (x 77B)
Class kotlin.collections.CollectionsKt__MutableCollectionsJVMKt                       : loaded 2 times (x 69B)
Class kotlin.collections.EmptyList                                                    : loaded 2 times (x 134B)
Class com.google.common.cache.AbstractCache$StatsCounter                              : loaded 2 times (x 68B)
Class org.objectweb.asm.FieldVisitor                                                  : loaded 2 times (x 74B)
Class com.android.builder.model.v2.dsl.ProductFlavor                                  : loaded 2 times (x 68B)
Class org.objectweb.asm.Symbol                                                        : loaded 2 times (x 71B)
Class com.android.builder.model.v2.ide.ApiVersion                                     : loaded 2 times (x 68B)
Class com.amazon.ion.impl.bin.BlockAllocator                                          : loaded 2 times (x 78B)
Class com.google.common.cache.LocalCache$Strength$1                                   : loaded 2 times (x 79B)
Class com.amazon.ion.IonCatalog                                                       : loaded 2 times (x 68B)
Class com.google.common.collect.EmptyImmutableListMultimap                            : loaded 2 times (x 174B)
Class com.google.common.cache.LocalCache$Strength$2                                   : loaded 2 times (x 79B)
Class com.google.common.cache.LocalCache$Strength$3                                   : loaded 2 times (x 79B)
Class org.gradle.internal.classloader.ClassLoaderFactory                              : loaded 2 times (x 68B)
Class com.amazon.ion.impl.bin.IonManagedBinaryWriter$LocalSymbolTableView             : loaded 2 times (x 105B)
Class org.objectweb.asm.Type                                                          : loaded 2 times (x 70B)
Class com.google.common.base.Absent                                                   : loaded 2 times (x 78B)
Class com.google.common.util.concurrent.AbstractFuture$Waiter                         : loaded 2 times (x 70B)
Class org.objectweb.asm.tree.Util                                                     : loaded 2 times (x 69B)
Class com.amazon.ion.system.IonWriterBuilder                                          : loaded 2 times (x 72B)
Class kotlin.jvm.internal.FunctionReference                                           : loaded 2 times (x 120B)
Class com.google.common.util.concurrent.Uninterruptibles                              : loaded 2 times (x 69B)
Class com.google.common.cache.LocalCache$AbstractReferenceEntry                       : loaded 2 times (x 105B)
Class kotlin.coroutines.EmptyCoroutineContext                                         : loaded 2 times (x 75B)
Class jdk.internal.jimage.ImageHeader                                                 : loaded 2 times (x 69B)
Class com.amazon.ion.impl.lite.IonListLite                                            : loaded 2 times (x 457B)
Class com.android.ide.common.repository.GradleVersion                                 : loaded 2 times (x 91B)
Class com.google.common.collect.Iterators$EmptyModifiableIterator                     : loaded 2 times (x 84B)
Class org.gradle.internal.installation.GradleInstallation$1                           : loaded 2 times (x 73B)
Class org.jetbrains.plugins.gradle.model.FileCollectionDependency                     : loaded 2 times (x 68B)
Class org.gradle.api.internal.classpath.ManifestUtil                                  : loaded 2 times (x 69B)
Class org.gradle.api.specs.Spec                                                       : loaded 2 times (x 68B)
Class com.google.common.collect.RangeSet                                              : loaded 2 times (x 68B)
Class com.google.common.cache.CacheLoader$UnsupportedLoadingOperationException        : loaded 2 times (x 80B)
Class kotlin.jvm.internal.Intrinsics                                                  : loaded 2 times (x 69B)
Class org.gradle.api.internal.DefaultClassPathProvider                                : loaded 2 times (x 74B)
Class com.amazon.ion.impl.bin._Private_IonManagedBinaryWriterBuilder                  : loaded 2 times (x 70B)
Class com.android.builder.model.ProjectSyncIssues                                     : loaded 2 times (x 68B)
Class com.google.common.util.concurrent.ListenableFuture                              : loaded 2 times (x 68B)
Class com.google.common.collect.MapMaker$Dummy                                        : loaded 2 times (x 77B)
Class com.amazon.ion.impl.lite._Private_LiteDomTrampoline                             : loaded 2 times (x 69B)
Class com.amazon.ion.impl.lite.IonValueLite                                           : loaded 2 times (x 143B)
Class com.amazon.ion.IonValue                                                         : loaded 2 times (x 68B)
Class com.amazon.ion.impl.bin.PooledBlockAllocatorProvider$PooledBlockAllocator$1     : loaded 2 times (x 77B)
Class com.amazon.ion.system.IonReaderBuilder$Mutable                                  : loaded 2 times (x 83B)
Class org.gradle.tooling.internal.gradle.GradleBuildIdentity                          : loaded 2 times (x 68B)
Class kotlin.jvm.internal.ArrayIterator                                               : loaded 2 times (x 77B)
Class kotlin.text.StringsKt___StringsJvmKt                                            : loaded 2 times (x 69B)
Class org.gradle.tooling.internal.adapter.ProtocolToModelAdapter$ReflectionMethodInvoker: loaded 2 times (x 74B)
Class org.jetbrains.kotlin.idea.gradleTooling.KotlinMPPGradleModel                    : loaded 2 times (x 68B)
Class org.jetbrains.plugins.gradle.model.GradleConfiguration                          : loaded 2 times (x 68B)
Class com.google.common.cache.LocalCache$Segment                                      : loaded 2 times (x 152B)
Class com.google.common.collect.MapMakerInternalMap$Strength                          : loaded 2 times (x 78B)
Class [Lcom.google.common.cache.Weigher;                                              : loaded 2 times (x 67B)
Class [Lcom.android.builder.model.v2.ide.ProjectType;                                 : loaded 2 times (x 67B)
Class kotlin.ranges.OpenEndRange                                                      : loaded 2 times (x 68B)
Class com.google.common.util.concurrent.AbstractFuture$UnsafeAtomicHelper             : loaded 2 times (x 76B)
Class com.amazon.ion.IonReader                                                        : loaded 2 times (x 68B)
Class com.google.common.base.Equivalence$Equals                                       : loaded 2 times (x 80B)
Class org.objectweb.asm.tree.ModuleNode                                               : loaded 2 times (x 80B)
Class [Lcom.android.builder.model.v2.ide.TestInfo$Execution;                          : loaded 2 times (x 67B)
Class kotlin.jvm.internal.markers.KMutableList                                        : loaded 2 times (x 68B)
Class com.amazon.ion.impl.bin.PooledBlockAllocatorProvider                            : loaded 2 times (x 71B)
Class kotlin.coroutines.CoroutineContext                                              : loaded 2 times (x 68B)
Class com.amazon.ion.SymbolToken                                                      : loaded 2 times (x 68B)
Class kotlin.jvm.internal.Intrinsics$Kotlin                                           : loaded 2 times (x 69B)
Class com.amazon.ion.impl.lite.IonSequenceLite                                        : loaded 2 times (x 393B)
Class com.amazon.ion.IonList                                                          : loaded 2 times (x 68B)
Class com.google.common.collect.Maps$IteratorBasedAbstractMap                         : loaded 2 times (x 123B)
Class com.google.common.collect.MapMakerInternalMap$StrongKeyDummyValueEntry$Helper   : loaded 2 times (x 77B)
Class com.android.builder.model.v2.ide.JavaArtifact                                   : loaded 2 times (x 68B)
Class com.android.builder.model.v2.dsl.SigningConfig                                  : loaded 2 times (x 68B)
Class kotlin.text.MatchResult$Destructured                                            : loaded 2 times (x 70B)
Class kotlin.text.MatchResult$DefaultImpls                                            : loaded 2 times (x 69B)
Class org.gradle.tooling.GradleConnectionException                                    : loaded 2 times (x 80B)
Class org.jetbrains.plugins.gradle.model.FilePatternSet                               : loaded 2 times (x 68B)
Class com.amazon.ion.impl._Private_IonWriter                                          : loaded 2 times (x 68B)
Class kotlin.collections.ArrayDeque                                                   : loaded 2 times (x 167B)
Class [Lorg.objectweb.asm.tree.AbstractInsnNode;                                      : loaded 2 times (x 67B)
Class com.google.common.cache.ReferenceEntry                                          : loaded 2 times (x 68B)
Class org.gradle.tooling.internal.adapter.ObjectGraphAdapter                          : loaded 2 times (x 68B)
Class org.gradle.internal.impldep.gnu.trove.THash                                     : loaded 2 times (x 79B)
Class kotlin.collections.AbstractList$SubList                                         : loaded 2 times (x 158B)
Class com.google.common.primitives.IntsMethodsForWeb                                  : loaded 2 times (x 69B)
Class kotlin.sequences.SequencesKt                                                    : loaded 2 times (x 69B)
Class com.google.common.collect.RangeGwtSerializationDependencies                     : loaded 2 times (x 69B)
Class com.amazon.ion.impl.lite.IonLoaderLite                                          : loaded 2 times (x 80B)
Class kotlin.collections.EmptyIterator                                                : loaded 2 times (x 87B)
Class com.google.common.collect.Maps                                                  : loaded 2 times (x 69B)
Class com.amazon.ion.impl._Private_ByteTransferSink                                   : loaded 2 times (x 68B)
Class com.google.common.collect.RegularImmutableSortedSet                             : loaded 2 times (x 233B)
Class com.android.ide.gradle.model.ArtifactIdentifierImpl                             : loaded 2 times (x 75B)
Class [Lcom.amazon.ion.SymbolTable;                                                   : loaded 2 times (x 67B)
Class jdk.internal.jimage.decompressor.StringSharingDecompressorFactory               : loaded 2 times (x 72B)
Class com.amazon.ion.impl._Private_IonValue                                           : loaded 2 times (x 68B)
Class com.android.ide.gradle.model.LegacyV1AgpVersionModel                            : loaded 2 times (x 68B)
Class kotlin.sequences.SequenceBuilderIterator                                        : loaded 2 times (x 83B)
Class kotlin.jvm.internal.FunctionReferenceImpl                                       : loaded 2 times (x 120B)
Class com.google.common.collect.ImmutableMultimap$Builder                             : loaded 2 times (x 81B)
Class kotlin.comparisons.ComparisonsKt___ComparisonsJvmKt                             : loaded 2 times (x 69B)
Class com.android.builder.model.v2.ide.VectorDrawablesOptions                         : loaded 2 times (x 68B)
Class com.android.builder.model.v2.ide.JavaCompileOptions                             : loaded 2 times (x 68B)
Class [Lkotlin.collections.State;                                                     : loaded 2 times (x 67B)
Class gnu.trove.TObjectHashingStrategy                                                : loaded 2 times (x 68B)
Class [Lorg.objectweb.asm.Attribute;                                                  : loaded 2 times (x 67B)
Class com.android.builder.model.v2.ide.TestInfo$Execution                             : loaded 2 times (x 77B)
Class org.gradle.api.internal.classpath.EffectiveClassPath                            : loaded 2 times (x 88B)
Class org.jetbrains.plugins.gradle.model.ExternalLibraryDependency                    : loaded 2 times (x 68B)
Class com.amazon.ion.impl.bin.IonRawBinaryWriter$StreamFlushMode                      : loaded 2 times (x 77B)
Class com.amazon.ion.impl._Private_ValueFactory                                       : loaded 2 times (x 68B)
Class com.google.common.io.Files                                                      : loaded 2 times (x 69B)
Class kotlin.jvm.internal.DefaultConstructorMarker                                    : loaded 2 times (x 69B)
Class com.amazon.ion.impl.lite.IonBoolLite                                            : loaded 2 times (x 149B)
Class com.google.common.cache.CacheLoader$FunctionToCacheLoader                       : loaded 2 times (x 73B)
Class kotlin.text.MatchGroupCollection                                                : loaded 2 times (x 68B)
Class com.google.common.cache.CacheBuilder$1                                          : loaded 2 times (x 83B)
Class com.google.common.cache.CacheBuilder$2                                          : loaded 2 times (x 77B)
Class jdk.internal.jimage.ImageBufferCache$2                                          : loaded 2 times (x 89B)
Class jdk.internal.jimage.ImageBufferCache$1                                          : loaded 2 times (x 78B)
Class com.google.common.cache.CacheBuilder$3                                          : loaded 2 times (x 70B)
Class com.amazon.ion.IonSexp                                                          : loaded 2 times (x 68B)
Class com.google.common.io.CharStreams                                                : loaded 2 times (x 69B)
Class com.amazon.ion.impl.lite.IonSystemLite                                          : loaded 2 times (x 273B)
Class org.objectweb.asm.tree.IincInsnNode                                             : loaded 2 times (x 76B)
Class com.android.builder.model.v2.models.Versions                                    : loaded 2 times (x 68B)
Class org.objectweb.asm.tree.MethodNode                                               : loaded 2 times (x 107B)
Class [Lcom.google.common.cache.RemovalListener;                                      : loaded 2 times (x 67B)
Class com.google.common.io.CharSource$AsByteSource                                    : loaded 2 times (x 83B)
Class org.gradle.tooling.model.idea.IdeaDependency                                    : loaded 2 times (x 68B)
Class com.google.common.collect.Interners                                             : loaded 2 times (x 69B)
Class org.jetbrains.kotlin.idea.gradleTooling.model.annotation.AnnotationBasedPluginModel: loaded 2 times (x 68B)
Class com.amazon.ion.impl.bin.IonManagedBinaryWriter$SymbolResolverBuilder            : loaded 2 times (x 68B)
Class org.jetbrains.kotlin.idea.gradleTooling.model.assignment.AssignmentModel        : loaded 2 times (x 68B)
Class com.android.builder.model.v2.models.VariantDependencies                         : loaded 2 times (x 68B)
Class kotlin.sequences.SequencesKt___SequencesKt$filterNotNull$1                      : loaded 2 times (x 76B)
Class com.google.common.collect.MapMakerInternalMap$Strength$1                        : loaded 2 times (x 78B)
Class org.jetbrains.plugins.gradle.tooling.serialization.ExternalProjectSerializationService: loaded 2 times (x 75B)
Class org.gradle.internal.installation.CurrentGradleInstallation                      : loaded 2 times (x 71B)
Class com.google.common.collect.MapMakerInternalMap$Strength$2                        : loaded 2 times (x 78B)
Class org.gradle.internal.agents.InstrumentingClassLoader                             : loaded 2 times (x 68B)
Class org.gradle.internal.installation.CurrentGradleInstallationLocator               : loaded 2 times (x 69B)
Class [Lcom.google.common.cache.LocalCache$Segment;                                   : loaded 2 times (x 67B)
Class com.amazon.ion.impl.LocalSymbolTableAsStruct                                    : loaded 2 times (x 117B)
Class com.amazon.ion.impl.lite.IonClobLite                                            : loaded 2 times (x 160B)
Class kotlin.collections.CollectionsKt__IteratorsJVMKt                                : loaded 2 times (x 69B)
Class org.gradle.api.internal.classpath.Module                                        : loaded 2 times (x 68B)
Class com.google.common.io.ByteSource$ByteArrayByteSource                             : loaded 2 times (x 83B)
Class com.google.common.collect.ImmutableSortedSet                                    : loaded 2 times (x 233B)
Class [Lcom.amazon.ion.impl.bin.IonRawBinaryWriter$PreallocationMode;                 : loaded 2 times (x 67B)
Class com.amazon.ion.impl.bin.AbstractSymbolTable                                     : loaded 2 times (x 105B)
Class kotlin.sequences.FilteringSequence                                              : loaded 2 times (x 73B)
Class kotlin.jvm.internal.CallableReference$NoReceiver                                : loaded 2 times (x 69B)
Class org.jetbrains.plugins.gradle.tooling.serialization.ProjectDependenciesSerializationService$ReadContext: loaded 2 times (x 70B)
Class org.jetbrains.plugins.gradle.tooling.serialization.internal.IdeaProjectSerializationService$WriteContext: loaded 2 times (x 70B)
Class kotlin.sequences.DistinctSequence                                               : loaded 2 times (x 73B)
Class com.google.common.collect.MapMakerInternalMap$Segment                           : loaded 2 times (x 140B)
Class org.gradle.tooling.internal.adapter.ViewBuilder                                 : loaded 2 times (x 68B)
Class com.amazon.ion.impl.lite.IonNullLite                                            : loaded 2 times (x 146B)
Class org.gradle.tooling.internal.adapter.ProtocolToModelAdapter                      : loaded 2 times (x 78B)
Class kotlin.sequences.SequencesKt__SequencesKt                                       : loaded 2 times (x 69B)
Class kotlin.sequences.SequencesKt__SequencesJVMKt                                    : loaded 2 times (x 69B)
Class com.google.common.collect.ImmutableSet$JdkBackedSetBuilderImpl                  : loaded 2 times (x 74B)
Class [Lcom.amazon.ion.IonType;                                                       : loaded 2 times (x 67B)
Class org.gradle.tooling.internal.adapter.WeakIdentityHashMap$WeakKey                 : loaded 2 times (x 77B)
Class org.objectweb.asm.FieldWriter                                                   : loaded 2 times (x 75B)
Class com.amazon.ion.UnknownSymbolException                                           : loaded 2 times (x 84B)
Class [Lorg.objectweb.asm.AnnotationWriter;                                           : loaded 2 times (x 67B)
Class org.gradle.internal.service.CachingServiceLocator                               : loaded 2 times (x 80B)
Class com.google.common.collect.Streams                                               : loaded 2 times (x 69B)
Class com.amazon.ion.IonSystem                                                        : loaded 2 times (x 68B)
Class kotlin.NoWhenBranchMatchedException                                             : loaded 2 times (x 80B)
Class org.gradle.internal.time.Timer                                                  : loaded 2 times (x 68B)
Class com.android.builder.model.v2.ide.ArtifactDependenciesAdjacencyList              : loaded 2 times (x 68B)
Class com.google.common.collect.MapMakerInternalMap$InternalEntryHelper               : loaded 2 times (x 68B)
Class com.amazon.ion.impl.bin.IonRawBinaryWriter$RecyclingStack$ElementFactory        : loaded 2 times (x 68B)
Class org.jetbrains.plugins.gradle.model.tests.ExternalTestsModel                     : loaded 2 times (x 68B)
Class org.jetbrains.kotlin.idea.gradleTooling.KotlinDslScriptAdditionalTask           : loaded 2 times (x 68B)
Class kotlin.text.StringsKt__StringBuilderKt                                          : loaded 2 times (x 69B)
Class org.jetbrains.plugins.gradle.tooling.util.ObjectCollector                       : loaded 2 times (x 70B)
Class kotlin.sequences.FilteringSequence$iterator$1                                   : loaded 2 times (x 77B)
Class com.google.common.collect.Sets$ImprovedAbstractSet                              : loaded 2 times (x 133B)
Class com.google.common.collect.AbstractMapBasedMultimap$AsMap                        : loaded 2 times (x 126B)
Class org.gradle.internal.classpath.DefaultClassPath                                  : loaded 2 times (x 88B)
Class com.google.common.collect.MapMakerInternalMap$1                                 : loaded 2 times (x 81B)
Class kotlin.sequences.FlatteningSequence                                             : loaded 2 times (x 73B)
Class kotlin.Result                                                                   : loaded 2 times (x 70B)
Class org.gradle.internal.impldep.gnu.trove.TObjectHash$NULL                          : loaded 2 times (x 69B)
Class com.google.common.util.concurrent.AbstractFuture$SetFuture                      : loaded 2 times (x 73B)
Class com.android.Version                                                             : loaded 2 times (x 69B)
Class kotlin.collections.CollectionsKt__CollectionsJVMKt                              : loaded 2 times (x 69B)
Class org.jetbrains.plugins.gradle.tooling.serialization.GradleExtensionsSerializationService$ReadContext: loaded 2 times (x 70B)
Class kotlin.sequences.SequencesKt___SequencesKt                                      : loaded 2 times (x 69B)
Class org.jetbrains.plugins.gradle.tooling.serialization.internal.IdeaProjectSerializationService: loaded 2 times (x 75B)
Class com.google.common.collect.CollectCollectors                                     : loaded 2 times (x 69B)
Class org.gradle.internal.impldep.gnu.trove.TObjectIntHashMap                         : loaded 2 times (x 107B)
Class org.gradle.tooling.model.idea.IdeaProject                                       : loaded 2 times (x 68B)
Class kotlin.jvm.internal.Ref$BooleanRef                                              : loaded 2 times (x 69B)
Class com.android.builder.model.v2.ide.ProjectInfo                                    : loaded 2 times (x 68B)
Class org.gradle.tooling.model.Element                                                : loaded 2 times (x 68B)
Class com.android.builder.model.v2.ide.PrivacySandboxSdkInfo                          : loaded 2 times (x 68B)
Class kotlin.sequences.FlatteningSequence$iterator$1                                  : loaded 2 times (x 77B)
Class [Lcom.amazon.ion.impl.bin.IonManagedBinaryWriter$SymbolState;                   : loaded 2 times (x 67B)
Class jdk.internal.jimage.BasicImageReader                                            : loaded 2 times (x 93B)
Class kotlin.collections.SetsKt__SetsJVMKt                                            : loaded 2 times (x 69B)
Class org.jetbrains.plugins.gradle.model.IntelliJSettings                             : loaded 2 times (x 68B)
Class com.amazon.ion.IonLob                                                           : loaded 2 times (x 68B)
Class kotlin.collections.MapsKt___MapsJvmKt                                           : loaded 2 times (x 69B)
Class com.amazon.ion.impl.lite.IonStructLite                                          : loaded 2 times (x 294B)
Class com.amazon.ion.impl.lite.IonContainerLite                                       : loaded 2 times (x 244B)
Class org.gradle.internal.impldep.gnu.trove.TObjectHash                               : loaded 2 times (x 92B)
Class com.google.common.collect.ImmutableMultisetGwtSerializationDependencies         : loaded 2 times (x 123B)
Class [Lcom.amazon.ion.impl.bin.IonRawBinaryWriter$StreamFlushMode;                   : loaded 2 times (x 67B)
Class com.intellij.openapi.externalSystem.model.project.dependencies.ProjectDependencies: loaded 2 times (x 68B)
Class com.google.common.collect.ImmutableListMultimap                                 : loaded 2 times (x 174B)
Class com.google.common.cache.LocalCache$LocalManualCache$1                           : loaded 2 times (x 73B)
Class [Lorg.gradle.api.JavaVersion;                                                   : loaded 2 times (x 67B)
Class kotlin.ranges.IntProgressionIterator                                            : loaded 2 times (x 80B)
Class org.jetbrains.kotlin.idea.gradleTooling.PrepareKotlinIdeImportTaskModel         : loaded 2 times (x 68B)
Class jdk.internal.jimage.ImageLocation                                               : loaded 2 times (x 88B)
Class com.amazon.ion.impl.bin.IonRawBinaryWriter$PreallocationMode                    : loaded 2 times (x 79B)
Class org.objectweb.asm.tree.JumpInsnNode                                             : loaded 2 times (x 77B)
Class com.google.common.collect.Lists$RandomAccessReverseList                         : loaded 2 times (x 160B)
Class kotlin.jvm.functions.Function0                                                  : loaded 2 times (x 68B)
Class org.gradle.tooling.internal.adapter.TargetTypeProvider                          : loaded 2 times (x 68B)
Class com.amazon.ion.impl.bin.IonManagedBinaryWriter$ImportedSymbolContext            : loaded 2 times (x 70B)
Class org.gradle.internal.impldep.com.google.common.base.Preconditions                : loaded 2 times (x 69B)
Class kotlin.jvm.functions.Function1                                                  : loaded 2 times (x 68B)
Class org.jetbrains.kotlin.idea.gradleTooling.AndroidAwareGradleModelProvider         : loaded 2 times (x 74B)
Class kotlin.jvm.functions.Function2                                                  : loaded 2 times (x 68B)
Class org.objectweb.asm.SymbolTable$Entry                                             : loaded 2 times (x 72B)
Class [Lcom.google.common.cache.LocalCache$EntryFactory;                              : loaded 2 times (x 67B)
Class kotlin.jvm.functions.Function4                                                  : loaded 2 times (x 68B)
Class jdk.internal.jimage.ImageReader$Node                                            : loaded 2 times (x 82B)
Class com.amazon.ion.IonText                                                          : loaded 2 times (x 68B)
Class com.android.builder.model.v2.ide.Variant                                        : loaded 2 times (x 68B)
Class org.gradle.tooling.internal.adapter.ProtocolToModelAdapter$1                    : loaded 2 times (x 73B)
Class com.google.common.base.Platform                                                 : loaded 2 times (x 69B)
Class com.google.common.cache.LocalCache$StrongEntry                                  : loaded 2 times (x 106B)
Class com.google.common.base.Suppliers$NonSerializableMemoizingSupplier               : loaded 2 times (x 77B)
Class kotlin.text.StringsKt__AppendableKt                                             : loaded 2 times (x 69B)
Class org.gradle.internal.time.Time                                                   : loaded 2 times (x 69B)
Class jdk.internal.jimage.decompressor.CompressedResourceHeader                       : loaded 2 times (x 69B)
Class com.android.builder.model.v2.ide.SourceProvider                                 : loaded 2 times (x 68B)
Class com.google.common.collect.ImmutableMap$SerializedForm                           : loaded 2 times (x 71B)
Class org.gradle.internal.time.TimeSource$1                                           : loaded 2 times (x 75B)
Class [Lkotlin.coroutines.intrinsics.CoroutineSingletons;                             : loaded 2 times (x 67B)
Class com.amazon.ion.IonSequence                                                      : loaded 2 times (x 68B)
Class kotlin.ranges.ClosedRange                                                       : loaded 2 times (x 68B)
Class org.jetbrains.plugins.gradle.tooling.serialization.RepositoriesModelSerializationService$WriteContext: loaded 2 times (x 70B)
Class kotlin.KotlinNullPointerException                                               : loaded 2 times (x 81B)
Class jdk.internal.jrtfs.JrtPath                                                      : loaded 2 times (x 116B)
Class org.jetbrains.plugins.gradle.model.ExternalProject                              : loaded 2 times (x 68B)
Class com.google.common.cache.CacheLoader                                             : loaded 2 times (x 72B)
Class org.gradle.tooling.internal.adapter.ProtocolToModelAdapter$SafeMethodInvoker    : loaded 2 times (x 74B)
Class jdk.internal.jimage.ImageStrings                                                : loaded 2 times (x 68B)
Class kotlin.io.NoSuchFileException                                                   : loaded 2 times (x 80B)
Class org.objectweb.asm.MethodTooLargeException                                       : loaded 2 times (x 81B)
Class kotlin.reflect.KAnnotatedElement                                                : loaded 2 times (x 68B)
Class kotlin.text.CharsKt                                                             : loaded 2 times (x 69B)
Class com.android.ide.gradle.model.composites.BuildMap                                : loaded 2 times (x 68B)
Class kotlin.ranges.RangesKt___RangesKt                                               : loaded 2 times (x 69B)
Class jdk.internal.jrtfs.JrtFileAttributes                                            : loaded 2 times (x 81B)
Class com.android.ide.gradle.model.LegacyAndroidGradlePluginProperties                : loaded 2 times (x 68B)
Class kotlin.collections.CollectionsKt___CollectionsKt                                : loaded 2 times (x 69B)
Class com.google.common.cache.Cache                                                   : loaded 2 times (x 68B)
Class kotlin.sequences.SequencesKt__SequenceBuilderKt$sequence$$inlined$Sequence$1    : loaded 2 times (x 73B)
Class org.objectweb.asm.tree.LabelNode                                                : loaded 2 times (x 78B)
Class com.google.common.collect.Maps$EntrySet                                         : loaded 2 times (x 134B)
Class org.gradle.tooling.internal.adapter.ProtocolToModelAdapter$MixInMappingAction   : loaded 2 times (x 78B)
Class org.gradle.internal.classloader.SystemClassLoaderSpec                           : loaded 2 times (x 69B)
Class com.google.common.io.LineBuffer                                                 : loaded 2 times (x 73B)
Class com.google.common.util.concurrent.internal.InternalFutureFailureAccess          : loaded 2 times (x 70B)
Class com.amazon.ion.impl.bin.AbstractIonWriter                                       : loaded 2 times (x 159B)
Class com.google.common.io.CharSource$StringCharSource                                : loaded 2 times (x 84B)
Class org.jetbrains.plugins.gradle.tooling.serialization.AnnotationProcessingModelSerializationService$ReadContext: loaded 2 times (x 70B)
Class com.android.builder.model.v2.ide.Library                                        : loaded 2 times (x 68B)
Class com.google.common.base.Charsets                                                 : loaded 2 times (x 69B)
Class com.google.common.primitives.Ints$IntConverter                                  : loaded 2 times (x 88B)
Class com.amazon.ion.impl.bin.IonBinaryWriterAdapter$Factory                          : loaded 2 times (x 68B)
Class org.jetbrains.kotlin.idea.gradleTooling.model.kapt.KaptGradleModel              : loaded 2 times (x 68B)
Class com.google.common.collect.Interners$InternerBuilder                             : loaded 2 times (x 74B)
Class com.android.builder.model.v2.ide.ViewBindingOptions                             : loaded 2 times (x 68B)
Class com.amazon.ion.system.IonWriterBuilderBase                                      : loaded 2 times (x 81B)
Class org.jetbrains.plugins.gradle.tooling.serialization.RepositoriesModelSerializationService: loaded 2 times (x 80B)
Class org.jetbrains.plugins.gradle.tooling.serialization.ProjectDependenciesSerializationService: loaded 2 times (x 75B)
Class org.gradle.tooling.internal.adapter.WeakIdentityHashMap$AbsentValueProvider     : loaded 2 times (x 68B)
Class org.objectweb.asm.tree.VarInsnNode                                              : loaded 2 times (x 77B)
Class com.google.common.io.ByteArrayDataOutput                                        : loaded 2 times (x 68B)
Class com.google.common.io.LineReader$1                                               : loaded 2 times (x 73B)
Class org.gradle.tooling.model.Dependency                                             : loaded 2 times (x 68B)
Class com.android.builder.model.v2.models.ndk.NativeModule                            : loaded 2 times (x 68B)
Class org.objectweb.asm.tree.InvokeDynamicInsnNode                                    : loaded 2 times (x 76B)
Class kotlin.io.FileAlreadyExistsException                                            : loaded 2 times (x 80B)
Class com.amazon.ion.impl.bin.IonRawBinaryWriter$1                                    : loaded 2 times (x 75B)
Class org.jetbrains.plugins.gradle.tooling.serialization.AnnotationProcessingModelSerializationService: loaded 2 times (x 75B)
Class com.amazon.ion.impl.IonWriterSystemTextMarkup                                   : loaded 2 times (x 190B)
Class org.objectweb.asm.ClassWriter                                                   : loaded 2 times (x 102B)
Class com.amazon.ion.IonFloat                                                         : loaded 2 times (x 68B)
Class com.android.builder.model.v2.ide.ComponentInfo                                  : loaded 2 times (x 68B)
Class com.amazon.ion.impl.bin.IonManagedBinaryWriter$ImportedSymbolResolverMode$1     : loaded 2 times (x 78B)
Class com.amazon.ion.impl.bin.IonManagedBinaryWriter$ImportedSymbolResolverMode$2     : loaded 2 times (x 78B)
Class com.amazon.ion.facet.Faceted                                                    : loaded 2 times (x 68B)
Class jdk.internal.jimage.decompressor.ResourceDecompressorRepository                 : loaded 2 times (x 69B)
Class com.amazon.ion.impl.bin.IonRawBinaryWriter$ContainerType                        : loaded 2 times (x 77B)
Class com.google.common.collect.Range                                                 : loaded 2 times (x 85B)
Class org.objectweb.asm.tree.LocalVariableAnnotationNode                              : loaded 2 times (x 79B)
Class kotlin.text.MatchResult                                                         : loaded 2 times (x 68B)
Class kotlin.collections.SetsKt                                                       : loaded 2 times (x 69B)
Class kotlin.jvm.internal.FunctionBase                                                : loaded 2 times (x 68B)
Class com.amazon.ion.impl.BlockedBuffer$BufferedOutputStream                          : loaded 2 times (x 88B)
Class com.android.builder.model.v2.models.AndroidDsl                                  : loaded 2 times (x 68B)
Class kotlin.text.MatcherMatchResult                                                  : loaded 2 times (x 78B)
Class [Lcom.google.common.cache.CacheBuilder$OneWeigher;                              : loaded 2 times (x 67B)
Class com.amazon.ion.impl.bin.IonManagedBinaryWriter$SymbolResolver                   : loaded 2 times (x 68B)
Class kotlin.Function                                                                 : loaded 2 times (x 68B)
Class org.jetbrains.kotlin.idea.gradleTooling.model.samWithReceiver.SamWithReceiverModel: loaded 2 times (x 68B)
Class com.amazon.ion.impl._Private_ReaderWriter                                       : loaded 2 times (x 68B)
Class org.jetbrains.plugins.gradle.tooling.serialization.BuildScriptClasspathModelSerializationService$ReadContext: loaded 2 times (x 70B)
Class kotlin.ranges.RangesKt                                                          : loaded 2 times (x 69B)
Class org.jetbrains.plugins.gradle.tooling.serialization.KotlinDslScriptsModelSerializationService: loaded 2 times (x 79B)
Class com.android.builder.model.v2.ide.AaptOptions                                    : loaded 2 times (x 68B)
Class com.google.common.cache.LocalCache$ComputingValueReference                      : loaded 2 times (x 94B)
Class org.jetbrains.plugins.gradle.tooling.util.ObjectCollector$Processor             : loaded 2 times (x 68B)
Class com.google.common.collect.ImmutableList$SerializedForm                          : loaded 2 times (x 71B)
Class com.amazon.ion.IonNull                                                          : loaded 2 times (x 68B)
Class com.google.common.io.ByteSource$SlicedByteSource                                : loaded 2 times (x 83B)
Class kotlin.coroutines.intrinsics.IntrinsicsKt__IntrinsicsKt                         : loaded 2 times (x 69B)
Class com.amazon.ion.impl.lite.IonTextLite                                            : loaded 2 times (x 152B)
Class kotlin.coroutines.jvm.internal.RestrictedContinuationImpl                       : loaded 2 times (x 85B)
Class [Lcom.google.common.io.FileWriteMode;                                           : loaded 2 times (x 67B)
Class com.google.common.io.Files$FileByteSink                                         : loaded 2 times (x 75B)
Class kotlin.io.FilesKt__FileReadWriteKt                                              : loaded 2 times (x 69B)
Class com.amazon.ion.impl._Private_SymtabExtendsCache                                 : loaded 2 times (x 70B)
Class com.android.ide.gradle.model.GradlePropertiesModel                              : loaded 2 times (x 68B)
Class kotlin.sequences.DistinctIterator                                               : loaded 2 times (x 81B)
Class org.gradle.tooling.model.gradle.GradleScript                                    : loaded 2 times (x 68B)
Class [Lcom.android.builder.model.v2.ide.AndroidGradlePluginProjectFlags$BooleanFlag; : loaded 2 times (x 67B)
Class com.amazon.ion.SubstituteSymbolTableException                                   : loaded 2 times (x 82B)
Class com.android.ide.common.repository.AgpVersion$PreviewKind                        : loaded 2 times (x 77B)
Class com.google.common.cache.CacheBuilder$OneWeigher                                 : loaded 2 times (x 80B)
Class com.android.ide.gradle.model.artifacts.AdditionalClassifierArtifactsModel       : loaded 2 times (x 68B)
Class sync_studio_tooling_dhi231nbq2rc8komojftxrbql                                   : loaded 2 times (x 177B)
Class org.gradle.tooling.internal.adapter.ProtocolToModelAdapter$ViewKey              : loaded 2 times (x 70B)
Class com.google.common.collect.IndexedImmutableSet$1                                 : loaded 2 times (x 172B)
Class com.google.common.collect.AbstractListMultimap                                  : loaded 2 times (x 170B)
Class kotlin.text.StringsKt__RegexExtensionsJVMKt                                     : loaded 2 times (x 69B)
Class jdk.internal.jimage.decompressor.ResourceDecompressor$StringsProvider           : loaded 2 times (x 68B)
Class com.amazon.ion.system.IonSystemBuilder$Mutable                                  : loaded 2 times (x 73B)
Class jdk.internal.jimage.BasicImageReader$1                                          : loaded 2 times (x 75B)
Class jdk.internal.jimage.decompressor.Decompressor                                   : loaded 2 times (x 70B)
Class com.google.common.hash.HashCode$IntHashCode                                     : loaded 2 times (x 78B)
Class com.android.builder.model.v2.ide.AbstractArtifact                               : loaded 2 times (x 68B)
Class com.google.common.cache.LocalCache$Strength                                     : loaded 2 times (x 79B)
Class com.google.common.collect.AbstractMapBasedMultimap$KeySet                       : loaded 2 times (x 135B)
Class com.google.common.collect.SortedIterable                                        : loaded 2 times (x 68B)
Class jdk.internal.jrtfs.JrtFileSystem                                                : loaded 2 times (x 100B)
Class kotlin.text.MatcherMatchResult$groupValues$1                                    : loaded 2 times (x 158B)
Class com.google.common.collect.ArrayListMultimapGwtSerializationDependencies         : loaded 2 times (x 170B)
Class kotlin.Unit                                                                     : loaded 2 times (x 69B)
Class com.google.common.io.ByteSource$ConcatenatedByteSource                          : loaded 2 times (x 83B)
Class com.amazon.ion.impl.lite.IonStringLite                                          : loaded 2 times (x 157B)
Class kotlin.io.FilePathComponents                                                    : loaded 2 times (x 70B)
Class com.google.common.collect.AbstractMapBasedMultimap$RandomAccessWrappedList      : loaded 2 times (x 165B)
Class org.objectweb.asm.Handler                                                       : loaded 2 times (x 70B)
Class org.gradle.internal.impldep.gnu.trove.TObjectIntProcedure                       : loaded 2 times (x 68B)
Class com.android.builder.model.v2.ide.LibraryInfo                                    : loaded 2 times (x 68B)
Class kotlin.collections.CollectionsKt                                                : loaded 2 times (x 69B)
Class org.gradle.tooling.internal.gradle.GradleProjectIdentity                        : loaded 2 times (x 68B)
Class kotlin.collections.ArraysKt___ArraysJvmKt                                       : loaded 2 times (x 69B)
Class org.gradle.tooling.model.kotlin.dsl.KotlinDslScriptsModel                       : loaded 2 times (x 68B)
Class kotlin.collections.CollectionsKt___CollectionsJvmKt                             : loaded 2 times (x 69B)
Class com.amazon.ion.impl.bin.IonRawBinaryWriter$StreamCloseMode                      : loaded 2 times (x 77B)
Class jdk.internal.jrtfs.JrtFileSystemProvider                                        : loaded 2 times (x 97B)
Class com.google.common.cache.LocalCache$ValueReference                               : loaded 2 times (x 68B)
Class org.gradle.tooling.internal.adapter.MethodInvocation                            : loaded 2 times (x 83B)
Class org.gradle.internal.time.CountdownTimer                                         : loaded 2 times (x 68B)
Class org.gradle.internal.time.Clock                                                  : loaded 2 times (x 68B)
Class org.objectweb.asm.ClassReader                                                   : loaded 2 times (x 90B)
Class com.amazon.ion.impl.bin.IonRawBinaryWriter$PatchPoint                           : loaded 2 times (x 69B)
Class com.google.common.io.Java8Compatibility                                         : loaded 2 times (x 69B)
Class org.gradle.internal.classloader.ClasspathUtil                                   : loaded 2 times (x 69B)
Class kotlin.ranges.RangesKt__RangesKt                                                : loaded 2 times (x 69B)
Class org.objectweb.asm.CurrentFrame                                                  : loaded 2 times (x 71B)
Class jdk.internal.jrtfs.JrtDirectoryStream                                           : loaded 2 times (x 87B)
Class com.amazon.ion.IonInt                                                           : loaded 2 times (x 68B)
Class org.objectweb.asm.tree.AnnotationNode                                           : loaded 2 times (x 77B)
Class com.google.common.util.concurrent.AbstractFuture                                : loaded 2 times (x 93B)
Class kotlin.NotImplementedError                                                      : loaded 2 times (x 80B)
Class com.amazon.ion.impl._Private_IonSymbol                                          : loaded 2 times (x 68B)
Class com.amazon.ion.impl._Private_IonBinaryWriterBuilder$Mutable                     : loaded 2 times (x 107B)
Class org.gradle.tooling.model.BuildIdentifier                                        : loaded 2 times (x 68B)
Class [Lcom.android.ide.common.repository.AgpVersion$PreviewKind;                     : loaded 2 times (x 67B)
Class jdk.internal.jimage.decompressor.ResourceDecompressor                           : loaded 2 times (x 68B)
Class kotlin.io.FilesKt__FilePathComponentsKt                                         : loaded 2 times (x 69B)
Class kotlin.collections.CollectionsKt__IteratorsKt                                   : loaded 2 times (x 69B)
Class com.google.common.collect.TransformedListIterator                               : loaded 2 times (x 91B)
Class com.google.common.base.Ticker$1                                                 : loaded 2 times (x 70B)
Class com.google.common.collect.Maps$BiMapConverter                                   : loaded 2 times (x 88B)
Class org.gradle.api.internal.DefaultClassPathRegistry                                : loaded 2 times (x 74B)
Class com.google.common.base.Splitter$5                                               : loaded 2 times (x 78B)
Class [Lorg.objectweb.asm.Symbol;                                                     : loaded 2 times (x 67B)
Class com.google.common.util.concurrent.AbstractFuture$Cancellation                   : loaded 2 times (x 70B)
Class com.amazon.ion.impl.bin.AbstractIonWriter$WriteValueOptimization                : loaded 2 times (x 77B)
Class com.amazon.ion.impl.bin._Private_IonRawWriter                                   : loaded 2 times (x 68B)
Class com.google.common.collect.Interner                                              : loaded 2 times (x 68B)
Class org.objectweb.asm.tree.InnerClassNode                                           : loaded 2 times (x 71B)
Class com.intellij.openapi.externalSystem.model.ExternalSystemException               : loaded 2 times (x 84B)
Class com.amazon.ion.impl.bin.IonManagedBinaryWriter$UserState                        : loaded 2 times (x 83B)
Class org.objectweb.asm.tree.ClassNode                                                : loaded 2 times (x 88B)
Class org.gradle.api.internal.classpath.DefaultModuleRegistry$DefaultModule           : loaded 2 times (x 84B)
Class com.amazon.ion.ReadOnlyValueException                                           : loaded 2 times (x 82B)
Class sync_studio_tooling_dhi231nbq2rc8komojftxrbql$_run_closure1                     : loaded 2 times (x 134B)
Class com.google.common.io.LineReader                                                 : loaded 2 times (x 70B)
Class com.android.builder.model.v2.ide.BundleInfo                                     : loaded 2 times (x 68B)
Class com.google.common.collect.ListMultimap                                          : loaded 2 times (x 68B)
Class org.gradle.tooling.model.build.GradleEnvironment                                : loaded 2 times (x 68B)
Class org.objectweb.asm.tree.TableSwitchInsnNode                                      : loaded 2 times (x 77B)
Class com.amazon.ion.IonException                                                     : loaded 2 times (x 82B)
Class com.android.builder.model.v2.models.AndroidProject                              : loaded 2 times (x 68B)
Class [Lcom.android.builder.model.v2.ide.AaptOptions$Namespacing;                     : loaded 2 times (x 67B)
Class org.objectweb.asm.tree.LocalVariableNode                                        : loaded 2 times (x 71B)
Class com.android.ide.gradle.model.artifacts.AdditionalClassifierArtifacts            : loaded 2 times (x 68B)
Class com.amazon.ion.impl.bin.IonManagedBinaryWriter$SymbolState                      : loaded 2 times (x 78B)
Class org.jetbrains.plugins.gradle.tooling.serialization.ExternalTestsSerializationService$WriteContext: loaded 2 times (x 70B)
Class kotlin.text.StringsKt__StringsKt                                                : loaded 2 times (x 69B)
Class org.gradle.internal.time.TimeSource                                             : loaded 2 times (x 68B)
Class kotlin.comparisons.ComparisonsKt___ComparisonsKt                                : loaded 2 times (x 69B)
Class com.google.common.base.Suppliers$SupplierOfInstance                             : loaded 2 times (x 77B)
Class com.android.ide.gradle.model.ArtifactIdentifier                                 : loaded 2 times (x 68B)
Class org.objectweb.asm.RecordComponentVisitor                                        : loaded 2 times (x 75B)
Class kotlin.text.Regex$Companion                                                     : loaded 2 times (x 69B)
Class com.amazon.ion.impl.bin.IonManagedBinaryWriter$SymbolState$1                    : loaded 2 times (x 78B)
Class com.amazon.ion.impl.bin.IonManagedBinaryWriter$SymbolState$2                    : loaded 2 times (x 78B)
Class com.amazon.ion.impl.bin.IonManagedBinaryWriter$SymbolState$3                    : loaded 2 times (x 78B)
Class com.intellij.util.containers.IntObjectHashMap$ArrayProducer                     : loaded 2 times (x 68B)
Class com.google.common.cache.LocalCache$HashIterator                                 : loaded 2 times (x 84B)
Class com.android.ide.common.repository.AgpVersion                                    : loaded 2 times (x 73B)
Class com.amazon.ion.impl.bin.IonManagedBinaryWriter$SymbolState$4                    : loaded 2 times (x 78B)
Class org.jetbrains.kotlin.android.synthetic.idea.AndroidExtensionsGradleModel        : loaded 2 times (x 68B)
Class [Lcom.intellij.openapi.externalSystem.model.project.dependencies.ResolutionState;: loaded 2 times (x 67B)
Class [Lcom.google.common.collect.MapMaker$Dummy;                                     : loaded 2 times (x 67B)
Class com.google.common.cache.LocalCache$WriteThroughEntry                            : loaded 2 times (x 77B)
Class org.objectweb.asm.ClassTooLargeException                                        : loaded 2 times (x 81B)
Class com.intellij.openapi.externalSystem.model.project.dependencies.ResolutionState  : loaded 2 times (x 77B)
Class org.gradle.api.internal.classpath.UnknownModuleException                        : loaded 2 times (x 80B)
Class com.amazon.ion.system.SimpleCatalog                                             : loaded 2 times (x 89B)
Class kotlin.coroutines.intrinsics.IntrinsicsKt__IntrinsicsJvmKt                      : loaded 2 times (x 69B)
Class [Lcom.google.gson.stream.JsonToken;                                             : loaded 2 times (x 67B)
Class com.google.common.util.concurrent.AbstractFuture$Listener                       : loaded 2 times (x 70B)
Class kotlin.collections.MapsKt__MapsJVMKt                                            : loaded 2 times (x 69B)
Class com.amazon.ion.IonNumber                                                        : loaded 2 times (x 68B)
Class org.objectweb.asm.Edge                                                          : loaded 2 times (x 70B)
Class com.android.ide.gradle.model.GradlePluginModel                                  : loaded 2 times (x 68B)
Class com.google.common.collect.Maps$EntryTransformer                                 : loaded 2 times (x 68B)
Class com.google.common.collect.ImmutableEnumSet                                      : loaded 2 times (x 144B)
Class org.jetbrains.plugins.gradle.model.ProjectImportModelProvider                   : loaded 2 times (x 68B)
Class org.jetbrains.plugins.gradle.tooling.serialization.GradleExtensionsSerializationService: loaded 2 times (x 75B)
Class kotlin.jvm.internal.ArrayIteratorKt                                             : loaded 2 times (x 69B)
Class kotlin.collections.ArraysKt___ArraysKt                                          : loaded 2 times (x 69B)
Class com.android.builder.model.v2.ide.AaptOptions$Namespacing                        : loaded 2 times (x 77B)
Class com.google.common.io.ByteArrayDataInput                                         : loaded 2 times (x 68B)
Class com.amazon.ion.IonContainer                                                     : loaded 2 times (x 68B)
Class com.amazon.ion.impl.lite.ValueFactoryLite                                       : loaded 2 times (x 216B)
Class com.amazon.ion.impl._Private_IonWriterBase                                      : loaded 2 times (x 160B)
Class kotlin.coroutines.Continuation                                                  : loaded 2 times (x 68B)
Class [Lorg.objectweb.asm.SymbolTable$Entry;                                          : loaded 2 times (x 67B)
Class kotlin.text.StringsKt__StringNumberConversionsJVMKt                             : loaded 2 times (x 69B)
Class com.google.common.collect.SingletonImmutableBiMap                               : loaded 2 times (x 141B)
Class kotlin.ranges.IntProgression$Companion                                          : loaded 2 times (x 69B)
Class kotlin.TuplesKt                                                                 : loaded 2 times (x 69B)
Class kotlin.text.CharsKt__CharJVMKt                                                  : loaded 2 times (x 69B)
Class Settings_gradle$1$1                                                             : loaded 2 times (x 72B)
Class com.google.common.base.Suppliers$MemoizingSupplier                              : loaded 2 times (x 77B)
Class com.google.common.base.Suppliers                                                : loaded 2 times (x 69B)
Class com.amazon.ion.impl._Private_IonTextWriterBuilder$Mutable                       : loaded 2 times (x 99B)
Class com.android.builder.model.v2.ide.AndroidLibraryData                             : loaded 2 times (x 68B)
Class org.jetbrains.plugins.gradle.model.IntelliJProjectSettings                      : loaded 2 times (x 68B)
Class [Lcom.google.common.collect.Iterators$EmptyModifiableIterator;                  : loaded 2 times (x 67B)
Class org.objectweb.asm.ClassVisitor                                                  : loaded 2 times (x 85B)
Class com.amazon.ion.system.IonReaderBuilder                                          : loaded 2 times (x 83B)
Class kotlin.text.StringsKt__IndentKt                                                 : loaded 2 times (x 69B)
Class com.google.common.cache.LoadingCache                                            : loaded 2 times (x 68B)
Class org.gradle.internal.service.ServiceLookupException                              : loaded 2 times (x 80B)
Class com.google.common.collect.MapMakerInternalMap$StrongKeyDummyValueSegment        : loaded 2 times (x 140B)
Class kotlin.collections.MapsKt__MapWithDefaultKt                                     : loaded 2 times (x 69B)
Class jdk.internal.jimage.ImageStringsReader                                          : loaded 2 times (x 78B)
Class org.objectweb.asm.tree.UnsupportedClassVersionException                         : loaded 2 times (x 80B)
Class org.gradle.cache.GlobalCache                                                    : loaded 2 times (x 68B)
Class org.objectweb.asm.tree.IntInsnNode                                              : loaded 2 times (x 77B)
Class jdk.internal.jimage.decompressor.ResourceDecompressorFactory                    : loaded 2 times (x 72B)
Class org.jetbrains.kotlin.idea.gradleTooling.model.lombok.LombokModel                : loaded 2 times (x 68B)
Class com.android.builder.model.v2.models.ProjectSyncIssues                           : loaded 2 times (x 68B)
Class com.google.common.base.Present                                                  : loaded 2 times (x 79B)
Class kotlin.collections.EmptySet                                                     : loaded 2 times (x 120B)
Class org.gradle.tooling.model.ProjectIdentifier                                      : loaded 2 times (x 68B)
Class org.gradle.internal.exceptions.NonGradleCauseExceptionsHolder                   : loaded 2 times (x 68B)
Class [Lorg.gradle.api.internal.ClassPathProvider;                                    : loaded 2 times (x 67B)
Class com.google.common.util.concurrent.AbstractFuture$SafeAtomicHelper               : loaded 2 times (x 77B)
Class jdk.internal.jimage.ImageReader$SharedImageReader$LocationVisitor               : loaded 2 times (x 68B)
Class com.google.common.collect.ImmutableMultimap$Values                              : loaded 2 times (x 124B)
Class org.gradle.internal.operations.MultipleBuildOperationFailures                   : loaded 2 times (x 89B)
Class kotlin.collections.MapsKt                                                       : loaded 2 times (x 69B)
Class org.gradle.util.internal.GUtil                                                  : loaded 2 times (x 69B)
Class jdk.internal.jimage.decompressor.ZipDecompressor                                : loaded 2 times (x 73B)
Class org.gradle.tooling.model.internal.ImmutableDomainObjectSet                      : loaded 2 times (x 153B)
Class kotlin.jvm.internal.CollectionToArray                                           : loaded 2 times (x 69B)
Class org.gradle.tooling.internal.adapter.MethodInvoker                               : loaded 2 times (x 68B)
Class org.jetbrains.plugins.gradle.model.AnnotationProcessingModel                    : loaded 2 times (x 68B)
Class com.google.common.math.IntMath                                                  : loaded 2 times (x 69B)
Class org.jetbrains.plugins.gradle.model.ExternalTask                                 : loaded 2 times (x 68B)
Class org.gradle.tooling.model.HierarchicalElement                                    : loaded 2 times (x 68B)
Class com.android.builder.model.v2.ide.BasicArtifact                                  : loaded 2 times (x 68B)
Class com.android.builder.model.AndroidProject                                        : loaded 2 times (x 68B)
Class com.android.builder.model.v2.ide.Edge                                           : loaded 2 times (x 68B)
Class org.gradle.api.internal.classpath.DefaultModuleRegistry                         : loaded 2 times (x 84B)
Class com.amazon.ion.system.IonTextWriterBuilder                                      : loaded 2 times (x 95B)
Class org.jetbrains.plugins.gradle.tooling.serialization.ExternalProjectSerializationService$ReadContext: loaded 2 times (x 72B)
Class org.gradle.internal.classloader.ClassLoaderSpec                                 : loaded 2 times (x 69B)
Class com.google.common.io.LineProcessor                                              : loaded 2 times (x 68B)
Class com.android.builder.model.v2.models.ndk.NativeModelBuilderParameter             : loaded 2 times (x 68B)
Class com.android.builder.model.v2.CustomSourceDirectory                              : loaded 2 times (x 68B)
Class com.google.common.cache.RemovalListener                                         : loaded 2 times (x 68B)
Class com.google.common.io.CharSink                                                   : loaded 2 times (x 77B)
Class org.objectweb.asm.Frame                                                         : loaded 2 times (x 71B)
Class com.google.common.cache.LocalCache$LocalManualCache                             : loaded 2 times (x 97B)
Class com.google.common.io.FileWriteMode                                              : loaded 2 times (x 77B)
Class org.gradle.internal.classpath.ClassPath                                         : loaded 2 times (x 68B)
Class com.google.common.cache.CacheLoader$SupplierToCacheLoader                       : loaded 2 times (x 73B)
Class com.google.common.cache.CacheLoader$1                                           : loaded 2 times (x 73B)
Class com.amazon.ion.impl.bin.Block                                                   : loaded 2 times (x 77B)
Class org.jetbrains.plugins.gradle.model.GradleExtension                              : loaded 2 times (x 68B)
Class [Lcom.google.common.collect.MapMakerInternalMap$Strength;                       : loaded 2 times (x 67B)
Class com.amazon.ion.impl.bin.IonManagedBinaryWriter                                  : loaded 2 times (x 164B)
Class org.gradle.tooling.internal.adapter.ProtocolToModelAdapter$AdaptingMethodInvoker: loaded 2 times (x 74B)
Class com.amazon.ion.impl.IonWriterSystem                                             : loaded 2 times (x 169B)
Class org.jetbrains.plugins.gradle.tooling.util.IntObjectMap                          : loaded 2 times (x 71B)
Class org.gradle.tooling.model.idea.IdeaModuleDependency                              : loaded 2 times (x 68B)
Class [Lcom.amazon.ion.impl.bin.IonManagedBinaryWriter$ImportedSymbolResolverMode;    : loaded 2 times (x 67B)
Class com.google.common.util.concurrent.AbstractFuture$TrustedFuture                  : loaded 2 times (x 95B)
Class org.jetbrains.plugins.gradle.tooling.serialization.RepositoriesModelSerializationService$ReadContext: loaded 2 times (x 70B)
Class com.amazon.ion.impl.bin.IonRawBinaryWriter                                      : loaded 2 times (x 167B)
Class com.amazon.ion.impl._Private_IonSystem                                          : loaded 2 times (x 68B)
Class com.google.common.collect.MapMakerInternalMap$InternalEntry                     : loaded 2 times (x 68B)
Class org.jetbrains.plugins.gradle.model.BuildScriptClasspathModel                    : loaded 2 times (x 68B)
Class kotlin.collections.State                                                        : loaded 2 times (x 77B)
Class com.google.common.collect.Maps$ViewCachingAbstractMap                           : loaded 2 times (x 123B)
Class com.amazon.ion.impl._Private_IonBinaryWriterBuilder                             : loaded 2 times (x 107B)
Class com.google.common.collect.Sets                                                  : loaded 2 times (x 69B)
Class com.amazon.ion.SymbolTable                                                      : loaded 2 times (x 68B)
Class kotlin.text.Regex                                                               : loaded 2 times (x 70B)
Class kotlin.io.FilesKt__UtilsKt                                                      : loaded 2 times (x 69B)
Class kotlin.coroutines.jvm.internal.SuspendFunction                                  : loaded 2 times (x 68B)
Class com.amazon.ion.impl.bin.IonRawBinaryWriter$RecyclingStack                       : loaded 2 times (x 70B)
Class com.amazon.ion.impl.bin.Symbols$1                                               : loaded 2 times (x 75B)
Class com.google.common.collect.MapMakerInternalMap                                   : loaded 2 times (x 159B)
Class org.objectweb.asm.tree.InsnList                                                 : loaded 2 times (x 101B)
Class org.objectweb.asm.tree.FrameNode                                                : loaded 2 times (x 77B)
Class com.amazon.ion.impl.bin.Symbols$3                                               : loaded 2 times (x 105B)
Class com.google.common.collect.ImmutableRangeSet$AsSet                               : loaded 2 times (x 233B)
Class com.google.common.collect.ImmutableMapKeySet                                    : loaded 2 times (x 148B)
Class com.google.common.base.MoreObjects                                              : loaded 2 times (x 69B)
Class com.google.common.collect.SortedMapDifference                                   : loaded 2 times (x 68B)
Class com.android.ide.common.repository.GradleVersion$VersionSegment                  : loaded 2 times (x 73B)
Class org.jetbrains.plugins.gradle.model.ExternalFilter                               : loaded 2 times (x 68B)
Class kotlin.collections.ArraysUtilJVM                                                : loaded 2 times (x 69B)
Class org.objectweb.asm.SymbolTable                                                   : loaded 2 times (x 70B)
Class com.amazon.ion.impl.bin.BlockAllocatorProvider                                  : loaded 2 times (x 70B)
Class org.gradle.tooling.internal.adapter.ProtocolToModelAdapter$ViewGraphDetails$1   : loaded 2 times (x 75B)
Class [Lorg.objectweb.asm.AnnotationVisitor;                                          : loaded 2 times (x 67B)
Class com.google.common.cache.CacheStats                                              : loaded 2 times (x 69B)
Class org.objectweb.asm.Attribute                                                     : loaded 2 times (x 75B)
Class com.amazon.ion.IonDatagram                                                      : loaded 2 times (x 68B)
Class kotlin.coroutines.jvm.internal.BaseContinuationImpl                             : loaded 2 times (x 85B)
Class org.gradle.internal.classloader.VisitableURLClassLoader                         : loaded 2 times (x 115B)
Class com.google.common.cache.LocalCache$LocalLoadingCache                            : loaded 2 times (x 132B)
Class [Lcom.amazon.ion.impl.bin.IonManagedBinaryWriter$UserState;                     : loaded 2 times (x 67B)
Class com.google.common.io.CharSource$CharSequenceCharSource                          : loaded 2 times (x 84B)
Class com.google.common.base.Supplier                                                 : loaded 2 times (x 68B)
Class org.jetbrains.plugins.gradle.tooling.serialization.BuildScriptClasspathModelSerializationService: loaded 2 times (x 75B)
Class kotlin.io.FilesKt__FileTreeWalkKt                                               : loaded 2 times (x 69B)
Class com.google.common.collect.ImmutableMultimap$Keys                                : loaded 2 times (x 164B)
Class com.google.common.io.AppendableWriter                                           : loaded 2 times (x 98B)
Class com.google.common.util.concurrent.AbstractFuture$AtomicHelper                   : loaded 2 times (x 76B)
Class org.gradle.util.internal.DefaultGradleVersion                                   : loaded 2 times (x 82B)
Class kotlin.collections.CollectionsKt__IterablesKt                                   : loaded 2 times (x 69B)
Class org.objectweb.asm.tree.RecordComponentNode                                      : loaded 2 times (x 77B)
Class com.google.common.hash.PrimitiveSink                                            : loaded 2 times (x 68B)
Class com.google.common.io.CharSource$EmptyCharSource                                 : loaded 2 times (x 84B)
Class org.jetbrains.plugins.gradle.model.GradleProperty                               : loaded 2 times (x 68B)
Class com.amazon.ion.impl.lite.IonLobLite                                             : loaded 2 times (x 155B)
Class com.amazon.ion.IonStruct                                                        : loaded 2 times (x 68B)
Class org.gradle.api.internal.ClassPathRegistry                                       : loaded 2 times (x 68B)
Class com.google.common.cache.LocalCache$EntryFactory                                 : loaded 2 times (x 81B)
Class com.google.gson.stream.JsonReader                                               : loaded 2 times (x 95B)
Class com.google.common.util.concurrent.UncheckedExecutionException                   : loaded 2 times (x 80B)
Class com.google.gson.stream.MalformedJsonException                                   : loaded 2 times (x 80B)
Class org.jetbrains.plugins.gradle.model.MavenRepositoryModel                         : loaded 2 times (x 68B)
Class com.google.common.hash.Hasher                                                   : loaded 2 times (x 68B)
Class org.gradle.internal.classloader.VisitableURLClassLoader$InstrumentingVisitableURLClassLoader: loaded 2 times (x 121B)
Class kotlin.coroutines.jvm.internal.DebugProbesKt                                    : loaded 2 times (x 69B)
Class org.gradle.internal.classloader.ClassLoaderHierarchy                            : loaded 2 times (x 68B)
Class org.jetbrains.plugins.gradle.tooling.serialization.BuildScriptClasspathModelSerializationService$WriteContext: loaded 2 times (x 70B)
Class com.android.builder.model.v2.ide.AndroidGradlePluginProjectFlags                : loaded 2 times (x 68B)
Class org.objectweb.asm.tree.TypeAnnotationNode                                       : loaded 2 times (x 78B)
Class kotlin.sequences.SequencesKt___SequencesJvmKt                                   : loaded 2 times (x 69B)
Class kotlin.collections.MapsKt__MapsKt                                               : loaded 2 times (x 69B)
Class com.amazon.ion.UnexpectedEofException                                           : loaded 2 times (x 82B)
Class kotlin.collections.ArraysKt                                                     : loaded 2 times (x 69B)
Class org.gradle.internal.exceptions.MultiCauseException                              : loaded 2 times (x 68B)
Class com.amazon.ion.impl.lite.IonSexpLite                                            : loaded 2 times (x 457B)
Class com.amazon.ion.impl.bin.IonManagedBinaryWriter$UserState$1                      : loaded 2 times (x 83B)
Class [Lcom.amazon.ion.impl.bin.IonRawBinaryWriter$ContainerType;                     : loaded 2 times (x 67B)
Class com.amazon.ion.impl.bin.IonManagedBinaryWriter$UserState$2                      : loaded 2 times (x 83B)
Class [Lcom.amazon.ion.impl.bin.IonRawBinaryWriter$StreamCloseMode;                   : loaded 2 times (x 67B)
Class com.android.builder.model.v2.models.VariantDependenciesAdjacencyList            : loaded 2 times (x 68B)
Class com.amazon.ion.impl.bin.IonManagedBinaryWriter$UserState$3                      : loaded 2 times (x 83B)
Class com.amazon.ion.impl.bin.IonManagedBinaryWriter$UserState$4                      : loaded 2 times (x 83B)
Class com.amazon.ion.IonTimestamp                                                     : loaded 2 times (x 68B)
Class kotlin.text.CharsKt__CharKt                                                     : loaded 2 times (x 69B)
Class com.google.common.collect.Lists$ReverseList                                     : loaded 2 times (x 160B)
Class com.google.common.io.Closer$Suppressor                                          : loaded 2 times (x 68B)
Class jdk.internal.jimage.ImageReader                                                 : loaded 2 times (x 73B)
Class com.amazon.ion.impl.bin.IonRawBinaryWriter$PatchList$1                          : loaded 2 times (x 81B)
Class org.jetbrains.kotlin.idea.gradleTooling.model.parcelize.ParcelizeGradleModel    : loaded 2 times (x 68B)
Class kotlin.collections.MapsKt___MapsKt                                              : loaded 2 times (x 69B)
Class com.google.common.collect.AbstractMapBasedMultimap$WrappedList                  : loaded 2 times (x 165B)
Class [Lorg.objectweb.asm.Type;                                                       : loaded 2 times (x 67B)
Class org.gradle.tooling.model.kotlin.dsl.KotlinDslScriptModel                        : loaded 2 times (x 68B)
Class com.google.common.collect.MapMakerInternalMap$WeakValueReference                : loaded 2 times (x 68B)
Class com.google.common.collect.Lists$ReverseList$1                                   : loaded 2 times (x 97B)
Class com.google.common.io.ByteSource                                                 : loaded 2 times (x 82B)
Class kotlin.sequences.TransformingSequence$iterator$1                                : loaded 2 times (x 77B)
Class com.amazon.ion.impl._Private_Utils                                              : loaded 2 times (x 69B)
Class org.objectweb.asm.tree.FieldInsnNode                                            : loaded 2 times (x 77B)
Class com.google.common.cache.Weigher                                                 : loaded 2 times (x 68B)
Class com.amazon.ion.impl._Private_IonTextWriterBuilder                               : loaded 2 times (x 99B)
Class com.google.common.collect.MapMakerInternalMap$StrongValueEntry                  : loaded 2 times (x 68B)
Class org.objectweb.asm.ModuleVisitor                                                 : loaded 2 times (x 78B)
Class com.android.builder.model.v2.AndroidModel                                       : loaded 2 times (x 68B)
Class org.jetbrains.plugins.gradle.tooling.serialization.ToolingStreamApiUtils        : loaded 2 times (x 69B)
Class org.gradle.internal.InternalTransformer                                         : loaded 2 times (x 68B)
Class com.google.common.collect.AbstractMapBasedMultimap$AsMap$AsMapEntries           : loaded 2 times (x 136B)
Class com.android.builder.model.v2.ide.LintOptions                                    : loaded 2 times (x 68B)
Class org.jetbrains.kotlin.idea.gradleTooling.model.noarg.NoArgModel                  : loaded 2 times (x 68B)
Class org.jetbrains.kotlin.idea.gradleTooling.KotlinGradleModel                       : loaded 2 times (x 68B)
Class kotlin.sequences.Sequence                                                       : loaded 2 times (x 68B)
Class org.gradle.tooling.internal.gradle.DefaultBuildIdentifier                       : loaded 2 times (x 77B)
Class org.gradle.internal.service.ServiceLocator                                      : loaded 2 times (x 68B)
Class com.google.common.hash.Hashing                                                  : loaded 2 times (x 69B)
Class Settings_gradle$1                                                               : loaded 2 times (x 72B)
Class org.jetbrains.plugins.gradle.model.ExternalDependency                           : loaded 2 times (x 68B)
Class com.amazon.ion.impl.bin.IonManagedBinaryWriter$ImportedSymbolResolverMode$1$1$1 : loaded 2 times (x 74B)
Class com.google.common.collect.ImmutableRangeSet$1                                   : loaded 2 times (x 169B)
Class com.google.common.util.concurrent.SettableFuture                                : loaded 2 times (x 95B)
Class org.gradle.internal.impldep.gnu.trove.TObjectHashingStrategy                    : loaded 2 times (x 68B)
Class org.gradle.tooling.internal.adapter.ProtocolToModelAdapter$MethodInvocationCache: loaded 2 times (x 71B)
Class com.amazon.ion.IonString                                                        : loaded 2 times (x 68B)
Class [Lcom.android.builder.model.v2.ide.CodeShrinker;                                : loaded 2 times (x 67B)
Class com.google.common.io.Files$2                                                    : loaded 2 times (x 74B)
Class com.amazon.ion.IonLoader                                                        : loaded 2 times (x 68B)
Class com.android.builder.model.v2.models.Versions$Companion                          : loaded 2 times (x 69B)
Class com.amazon.ion.impl.lite.IonIntLite                                             : loaded 2 times (x 154B)
Class com.amazon.ion.IonBinaryWriter                                                  : loaded 2 times (x 68B)
Class kotlin.sequences.SequencesKt___SequencesKt$flatMap$2                            : loaded 2 times (x 123B)
Class org.jetbrains.kotlin.idea.gradleTooling.model.allopen.AllOpenModel              : loaded 2 times (x 68B)
Class com.google.common.io.ByteStreams                                                : loaded 2 times (x 69B)
Class kotlin.coroutines.jvm.internal.CoroutineStackFrame                              : loaded 2 times (x 68B)
Class org.jetbrains.plugins.gradle.model.AnnotationProcessingConfig                   : loaded 2 times (x 68B)
Class com.android.builder.model.Variant                                               : loaded 2 times (x 68B)
Class com.google.gson.internal.JsonReaderInternalAccess                               : loaded 2 times (x 70B)
Class org.jetbrains.plugins.gradle.tooling.serialization.ExternalTestsSerializationService: loaded 2 times (x 75B)
Class kotlin.internal.ProgressionUtilKt                                               : loaded 2 times (x 69B)
Class com.android.builder.model.v2.dsl.BuildType                                      : loaded 2 times (x 68B)
Class kotlin.reflect.KFunction                                                        : loaded 2 times (x 68B)
Class com.google.common.io.Closer$SuppressingSuppressor                               : loaded 2 times (x 73B)
Class org.jetbrains.plugins.gradle.tooling.serialization.ProjectDependenciesSerializationService$WriteContext: loaded 2 times (x 70B)
Class com.google.common.collect.MapMaker                                              : loaded 2 times (x 70B)
Class kotlin.collections.ArraysKt__ArraysJVMKt                                        : loaded 2 times (x 69B)
Class kotlin.jvm.KotlinReflectionNotSupportedError                                    : loaded 2 times (x 80B)
Class kotlin.io.TerminateException                                                    : loaded 2 times (x 80B)
Class org.gradle.tooling.internal.adapter.WeakIdentityHashMap                         : loaded 2 times (x 74B)
Class com.google.common.collect.ImmutableMultiset                                     : loaded 2 times (x 161B)
Class kotlin.collections.AbstractCollection                                           : loaded 2 times (x 115B)
Class [Lorg.objectweb.asm.Label;                                                      : loaded 2 times (x 67B)
Class org.gradle.internal.classpath.DefaultClassPath$ImmutableUniqueList              : loaded 2 times (x 159B)
Class com.amazon.ion.IonBool                                                          : loaded 2 times (x 68B)
Class jdk.internal.jimage.ImageBufferCache                                            : loaded 2 times (x 69B)
Class com.amazon.ion.impl.bin.IonRawBinaryWriter$ContainerInfo                        : loaded 2 times (x 74B)
Class org.gradle.internal.time.DefaultTimer                                           : loaded 2 times (x 78B)
Class kotlin.collections.AbstractList                                                 : loaded 2 times (x 157B)
Class com.google.common.collect.ImmutableMultimap$1                                   : loaded 2 times (x 80B)
Class com.google.common.collect.ImmutableMultimap$2                                   : loaded 2 times (x 79B)
Class com.intellij.util.ThrowableConsumer                                             : loaded 2 times (x 68B)
Class org.gradle.internal.classpath.TransformedClassPath                              : loaded 2 times (x 94B)
Class com.google.common.collect.MapDifference                                         : loaded 2 times (x 68B)
Class org.jetbrains.plugins.gradle.tooling.serialization.ExternalProjectSerializationService$WriteContext: loaded 2 times (x 72B)
Class com.amazon.ion.impl.bin.IonManagedBinaryWriter$ImportDescriptor                 : loaded 2 times (x 74B)
Class com.amazon.ion.system.IonBinaryWriterBuilder                                    : loaded 2 times (x 95B)
Class com.google.common.io.ByteSource$EmptyByteSource                                 : loaded 2 times (x 83B)
Class com.android.ide.common.repository.AgpVersion$Companion$WhenMappings             : loaded 2 times (x 69B)
Class com.google.common.collect.Sets$1                                                : loaded 2 times (x 137B)
Class com.google.common.collect.Sets$2                                                : loaded 2 times (x 137B)
Class com.google.common.util.concurrent.AbstractFuture$Trusted                        : loaded 2 times (x 68B)
Class org.gradle.tooling.internal.adapter.ProtocolToModelAdapter$InvocationHandlerImpl: loaded 2 times (x 75B)
Class com.google.common.collect.Sets$3                                                : loaded 2 times (x 137B)
Class com.google.common.graph.SuccessorsFunction                                      : loaded 2 times (x 68B)
Class com.google.common.collect.Sets$4                                                : loaded 2 times (x 137B)
Class org.jetbrains.plugins.gradle.tooling.serialization.AnnotationProcessingModelSerializationService$WriteContext: loaded 2 times (x 70B)
Class kotlin.text.MatcherMatchResult$groups$1                                         : loaded 2 times (x 149B)
Class Settings_gradle                                                                 : loaded 2 times (x 126B)
Class kotlin.text.StringsKt___StringsKt                                               : loaded 2 times (x 69B)
Class org.jetbrains.plugins.gradle.tooling.serialization.internal.IdeaProjectSerializationService$ReadContext: loaded 2 times (x 70B)
Class org.gradle.tooling.model.idea.IdeaLanguageLevel                                 : loaded 2 times (x 68B)
Class kotlin.collections.ArraysKt___ArraysKt$asSequence$$inlined$Sequence$1           : loaded 2 times (x 73B)
Class kotlin.coroutines.intrinsics.CoroutineSingletons                                : loaded 2 times (x 77B)
Class kotlin.Pair                                                                     : loaded 2 times (x 70B)
Class com.google.common.io.ByteSink                                                   : loaded 2 times (x 74B)
Class com.android.utils.StringHelper                                                  : loaded 2 times (x 69B)
Class com.google.common.collect.AbstractMapBasedMultimap$WrappedCollection$WrappedIterator: loaded 2 times (x 82B)
Class com.android.builder.model.v2.ide.BasicVariant                                   : loaded 2 times (x 68B)
Class org.objectweb.asm.MethodWriter                                                  : loaded 2 times (x 103B)
Class com.android.builder.model.v2.ide.SourceSetContainer                             : loaded 2 times (x 68B)
Class com.amazon.ion.impl._Private_Utils$1                                            : loaded 2 times (x 87B)
Class kotlin.collections.AbstractList$Companion                                       : loaded 2 times (x 69B)
Class kotlin.coroutines.intrinsics.IntrinsicsKt                                       : loaded 2 times (x 69B)
Class org.gradle.tooling.internal.adapter.ProtocolToModelAdapter$ViewDecoration       : loaded 2 times (x 68B)
Class kotlin.sequences.SequencesKt___SequencesKt$sortedWith$1                         : loaded 2 times (x 73B)
Class [Lcom.google.common.collect.MapMakerInternalMap$Segment;                        : loaded 2 times (x 67B)
Class com.google.common.util.concurrent.ExecutionError                                : loaded 2 times (x 80B)
Class kotlin.collections.AbstractIterator                                             : loaded 2 times (x 81B)
Class com.google.common.io.ByteSink$AsCharSink                                        : loaded 2 times (x 78B)
Class com.google.common.base.Equivalence$Identity                                     : loaded 2 times (x 80B)
Class org.gradle.util.GradleVersion                                                   : loaded 2 times (x 81B)
Class com.amazon.ion.util._Private_FastAppendable                                     : loaded 2 times (x 68B)
Class kotlin.ranges.IntRange                                                          : loaded 2 times (x 91B)
Class kotlin.collections.SetsKt__SetsKt                                               : loaded 2 times (x 69B)
Class com.amazon.ion.ValueFactory                                                     : loaded 2 times (x 68B)
Class com.android.ide.gradle.model.AdditionalClassifierArtifactsModelParameter        : loaded 2 times (x 68B)
Class com.google.common.io.CharSource                                                 : loaded 2 times (x 83B)
Class com.google.common.cache.LocalCache                                              : loaded 2 times (x 185B)
Class jdk.internal.jimage.ImageReader$Directory                                       : loaded 2 times (x 82B)
Class com.google.common.collect.ImmutableRangeSet$Builder                             : loaded 2 times (x 75B)
Class kotlin.ranges.IntRange$Companion                                                : loaded 2 times (x 69B)
Class com.google.common.hash.HashCode$BytesHashCode                                   : loaded 2 times (x 79B)
Class org.gradle.internal.installation.GradleInstallation                             : loaded 2 times (x 73B)
Class com.google.common.util.concurrent.AbstractFuture$UnsafeAtomicHelper$1           : loaded 2 times (x 74B)
Class org.gradle.internal.impldep.gnu.trove.TObjectCanonicalHashingStrategy           : loaded 2 times (x 78B)
Class com.amazon.ion.system.IonSystemBuilder                                          : loaded 2 times (x 73B)
Class org.jetbrains.plugins.gradle.tooling.util.IntObjectMap$ObjectFactory            : loaded 2 times (x 68B)
Class [Lcom.android.builder.model.v2.ide.LibraryType;                                 : loaded 2 times (x 67B)
Class com.google.common.collect.Multiset                                              : loaded 2 times (x 68B)
Class org.jetbrains.plugins.gradle.ExternalDependencyId                               : loaded 2 times (x 68B)
Class com.google.common.collect.TransformedIterator                                   : loaded 2 times (x 78B)
Class com.amazon.ion.impl.lite.IonDecimalLite                                         : loaded 2 times (x 156B)
Class org.jetbrains.plugins.gradle.tooling.util.IntObjectMap$1                        : loaded 2 times (x 75B)
Class [Lcom.amazon.ion.impl.bin.AbstractIonWriter$WriteValueOptimization;             : loaded 2 times (x 67B)
Class com.amazon.ion.Decimal                                                          : loaded 2 times (x 131B)
Class com.amazon.ion.impl.lite.IonTimestampLite                                       : loaded 2 times (x 163B)
Class kotlin.comparisons.ComparisonsKt__ComparisonsKt                                 : loaded 2 times (x 69B)
Class kotlin.collections.EmptyMap                                                     : loaded 2 times (x 107B)
Class org.gradle.tooling.internal.adapter.ProtocolToModelAdapter$ViewGraphDetails     : loaded 2 times (x 70B)
Class org.objectweb.asm.MethodVisitor                                                 : loaded 2 times (x 102B)
Class com.amazon.ion.IonWriter                                                        : loaded 2 times (x 68B)
Class com.google.common.collect.AbstractMapBasedMultimap$KeySet$1                     : loaded 2 times (x 80B)
Class com.google.common.hash.HashCode                                                 : loaded 2 times (x 78B)
Class com.google.common.collect.AbstractMapBasedMultimap                              : loaded 2 times (x 137B)
Class org.gradle.internal.impldep.gnu.trove.Equality                                  : loaded 2 times (x 68B)
Class kotlin.text.RegexKt                                                             : loaded 2 times (x 69B)
Class com.google.gson.stream.JsonToken                                                : loaded 2 times (x 77B)
Class com.amazon.ion.IonType                                                          : loaded 2 times (x 77B)


---------------  S Y S T E M  ---------------

OS:
 Windows 11 , 64 bit Build 22621 (10.0.22621.3235)
OS uptime: 0 days 0:27 hours
Hyper-V role detected

CPU: total 20 (initial active 20) (10 cores per cpu, 2 threads per core) family 6 model 151 stepping 2 microcode 0x2e, cx8, cmov, fxsr, ht, mmx, 3dnowpref, sse, sse2, sse3, ssse3, sse4.1, sse4.2, popcnt, lzcnt, tsc, tscinvbit, avx, avx2, aes, erms, clmul, bmi1, bmi2, adx, sha, fma, vzeroupper, clflush, clflushopt, clwb, hv
Processor Information for all 20 processors :
  Max Mhz: 3600, Current Mhz: 3600, Mhz Limit: 3600

Memory: 4k page, system-wide physical 32598M (14882M free)
TotalPageFile size 37718M (AvailPageFile size 17785M)
current process WorkingSet (physical memory assigned to process): 1135M, peak: 1138M
current process commit charge ("private bytes"): 1182M, peak: 1185M

vm_info: OpenJDK 64-Bit Server VM (17.0.9+0--11185874) for windows-amd64 JRE (17.0.9+0--11185874), built on Dec  6 2023 18:57:44 by "androidbuild" with MS VC++ 16.10 / 16.11 (VS2019)

END.
